Account_ID,Client_Name,Industry,Signup_Date,Contract_Type,Monthly_Revenue,Account_Status,Churn_Date,Support_Tickets_30D,region,Contient,SUB-REGION,Tenure_Months,Life Time Value,Risk_Level,MRR Loss 
1,Rhynoodle,Healthcare,10/05/2024,Multi-Year,"$9,688.01",Churned,30/10/2025,0,APAC-SGP,APAC,SGP,17,"$164,696.17",HEALTHY,$0.00
2,Fivebridge,Healthcare,15/01/2025,Multi-Year,"$13,704.24",Active,27/08/2025,15,MEA-EGY,MEA,EGY,20,"$274,084.80",HEALTHY,$0.00
3,Yacero,E-Commerce,15/12/2024,Monthly,"$3,526.30",Active,,13,MEA-EGY,MEA,EGY,21,"$74,052.30",HEALTHY,$0.00
4,Skidoo,Healthcare,12/03/2025,Annual,"$8,157.37",At-Risk,09/07/2025,17,MEA-EGY,MEA,EGY,18,"$146,832.66",CRITICAL RISK,"$97,888.44"
5,Camido,Enterprise Tech,21/12/2024,Monthly,"$1,140.67",At-Risk,20/03/2026,10,MEA-EGY,MEA,EGY,21,"$23,954.07",MODERATE RISK,$0.00
6,Quatz,Healthcare,03/01/2025,Multi-Year,"$4,591.77",Churned,08/10/2025,4,EU-CENTRAL,EU,CENTRAL,9,"$41,325.93",HEALTHY,$0.00
7,Blognation,Healthcare,17/03/2025,Multi-Year,"$3,619.29",Active,07/10/2025,0,NA-WEST,NA,WEST,18,"$65,147.22",HEALTHY,$0.00
8,Linktype,Fintech,12/02/2025,Annual,"$10,675.67",Pending Renewal,08/07/2025,8,NA-WEST,NA,WEST,19,"$202,837.73",MODERATE RISK,$0.00
9,Thoughtbridge,Logistics,06/05/2024,Annual,"$4,699.47",Churned,28/04/2026,18,NA-EAST,NA,EAST,23,"$108,087.81",HEALTHY,$0.00
10,Zoovu,Logistics,05/07/2024,Annual,"$7,273.85",Active,23/02/2026,14,APAC-SGP,APAC,SGP,26,"$189,120.10",HEALTHY,$0.00
11,Brainbox,Healthcare,26/06/2025,Monthly,"$5,587.95",Churned,13/08/2026,16,EU-CENTRAL,EU,CENTRAL,14,"$78,231.30",HEALTHY,$0.00
12,Quimba,Fintech,22/04/2025,Multi-Year,"$10,812.60",Pending Renewal,20/02/2026,0,EU-CENTRAL,EU,CENTRAL,17,"$183,814.20",MODERATE RISK,$0.00
13,Minyx,Healthcare,11/09/2024,Annual,"$8,863.44",Active,09/09/2025,0,APAC-SGP,APAC,SGP,24,"$212,722.56",HEALTHY,$0.00
14,Ooba,Enterprise Tech,13/04/2025,Monthly,"$9,357.43",At-Risk,22/01/2026,1,NA-WEST,NA,WEST,17,"$159,076.31",HEALTHY,$0.00
15,Trudoo,Enterprise Tech,26/11/2024,Multi-Year,"$12,450.41",At-Risk,,6,NA-WEST,NA,WEST,22,"$273,909.02",MODERATE RISK,$0.00
16,Kaymbo,Enterprise Tech,30/06/2024,Monthly,"$11,038.93",At-Risk,11/03/2026,1,EU-CENTRAL,EU,CENTRAL,27,"$298,051.11",HEALTHY,$0.00
17,Meembee,Logistics,20/12/2024,Multi-Year,"$13,491.38",Churned,28/11/2025,5,APAC-SGP,APAC,SGP,11,"$148,405.18",MODERATE RISK,$0.00
18,Skyndu,Enterprise Tech,03/04/2024,Annual,"$8,148.19",At-Risk,23/08/2026,3,NA-EAST,NA,EAST,29,"$236,297.51",HEALTHY,$0.00
19,Voolith,Enterprise Tech,27/05/2025,Annual,"$5,824.26",Active,10/07/2026,10,MEA-EGY,MEA,EGY,16,"$93,188.16",MODERATE RISK,$0.00
20,Wikibox,Healthcare,25/07/2024,Multi-Year,"$3,021.45",Churned,15/10/2025,14,NA-EAST,NA,EAST,15,"$45,321.75",HEALTHY,$0.00
21,Zoomdog,E-Commerce,09/05/2024,Multi-Year,"$9,380.27",At-Risk,31/12/2025,9,NA-WEST,NA,WEST,28,"$262,647.56",MODERATE RISK,$0.00
22,Babblestorm,Fintech,11/01/2024,Multi-Year,"$11,448.20",Active,15/12/2025,8,APAC-SGP,APAC,SGP,32,"$366,342.40",MODERATE RISK,$0.00
23,Abatz,Logistics,10/01/2025,Monthly,"$3,285.35",Pending Renewal,05/07/2025,6,EU-CENTRAL,EU,CENTRAL,20,"$65,707.00",MODERATE RISK,$0.00
24,Zoombeat,Healthcare,07/02/2024,Annual,"$8,125.02",Active,04/07/2026,3,EU-CENTRAL,EU,CENTRAL,31,"$251,875.62",HEALTHY,$0.00
25,Edgeblab,Fintech,12/01/2024,Annual,"$8,115.93",Active,23/01/2026,6,MEA-EGY,MEA,EGY,32,"$259,709.76",MODERATE RISK,$0.00
26,Npath,Enterprise Tech,08/07/2024,Monthly,"$14,860.81",At-Risk,04/03/2026,15,EU-CENTRAL,EU,CENTRAL,26,"$386,381.06",CRITICAL RISK,"$178,329.72"
27,Gigaclub,E-Commerce,17/04/2025,Monthly,"$12,739.09",Pending Renewal,11/08/2025,11,EU-CENTRAL,EU,CENTRAL,17,"$216,564.53",MODERATE RISK,$0.00
28,Gigazoom,E-Commerce,23/01/2025,Multi-Year,"$9,246.60",Pending Renewal,24/05/2026,15,APAC-SGP,APAC,SGP,20,"$184,932.00",MODERATE RISK,$0.00
29,Jayo,Enterprise Tech,22/02/2024,Multi-Year,"$12,945.83",Pending Renewal,08/08/2025,7,MEA-EGY,MEA,EGY,31,"$401,320.73",MODERATE RISK,$0.00
30,Blogpad,E-Commerce,12/11/2024,Multi-Year,"$5,968.91",Pending Renewal,14/03/2026,7,APAC-SGP,APAC,SGP,22,"$131,316.02",MODERATE RISK,$0.00
31,Devshare,Enterprise Tech,27/11/2024,Annual,"$10,656.96",Active,06/07/2026,3,NA-EAST,NA,EAST,22,"$234,453.12",HEALTHY,$0.00
32,Rhyloo,Logistics,20/02/2025,Annual,$867.37,Active,,2,MEA-EGY,MEA,EGY,19,"$16,480.03",HEALTHY,$0.00
33,Trilith,E-Commerce,26/03/2024,Annual,"$5,444.34",Churned,02/07/2025,12,NA-WEST,NA,WEST,16,"$87,109.44",HEALTHY,$0.00
34,Twimm,E-Commerce,23/06/2025,Annual,"$7,885.79",Pending Renewal,22/09/2025,3,NA-EAST,NA,EAST,15,"$118,286.85",MODERATE RISK,$0.00
35,Jazzy,Healthcare,26/08/2024,Annual,"$6,582.89",Pending Renewal,02/08/2026,4,EU-CENTRAL,EU,CENTRAL,25,"$164,572.25",MODERATE RISK,$0.00
36,Lajo,Logistics,07/02/2024,Monthly,"$14,700.27",Churned,11/08/2025,8,EU-CENTRAL,EU,CENTRAL,18,"$264,604.86",MODERATE RISK,$0.00
37,Twimbo,Fintech,18/04/2025,Annual,"$13,800.26",At-Risk,02/09/2025,17,MEA-EGY,MEA,EGY,17,"$234,604.42",CRITICAL RISK,"$165,603.12"
38,Chatterbridge,E-Commerce,14/04/2025,Multi-Year,"$12,917.67",Active,12/02/2026,3,APAC-SGP,APAC,SGP,17,"$219,600.39",HEALTHY,$0.00
39,Zooxo,Fintech,01/03/2025,Monthly,"$13,404.08",Churned,,9,MEA-EGY,MEA,EGY,18,"$241,273.44",MODERATE RISK,$0.00
40,Jaxbean,Healthcare,21/01/2024,Monthly,"$14,780.01",Active,01/08/2026,4,EU-CENTRAL,EU,CENTRAL,32,"$472,960.32",HEALTHY,$0.00
41,Topiczoom,E-Commerce,22/11/2024,Annual,$623.39,Churned,31/07/2025,4,APAC-SGP,APAC,SGP,8,"$4,987.12",HEALTHY,$0.00
42,Dabtype,Enterprise Tech,24/01/2025,Multi-Year,"$10,889.43",Pending Renewal,05/10/2025,12,APAC-SGP,APAC,SGP,20,"$217,788.60",MODERATE RISK,$0.00
43,Gabtune,Fintech,01/02/2024,Monthly,"$6,761.11",Pending Renewal,06/05/2026,9,MEA-EGY,MEA,EGY,31,"$209,594.41",MODERATE RISK,$0.00
44,Gabtype,Logistics,03/05/2024,Monthly,"$8,554.22",Churned,19/03/2026,5,NA-WEST,NA,WEST,22,"$188,192.84",MODERATE RISK,$0.00
45,Jaxspan,E-Commerce,24/11/2024,Monthly,"$9,707.06",Pending Renewal,20/06/2026,10,EU-CENTRAL,EU,CENTRAL,22,"$213,555.32",MODERATE RISK,$0.00
46,Oyoba,Healthcare,17/03/2024,Monthly,"$8,153.01",Active,10/12/2025,8,EU-CENTRAL,EU,CENTRAL,30,"$244,590.30",MODERATE RISK,$0.00
47,Riffpath,Enterprise Tech,16/12/2024,Monthly,"$3,306.30",Active,09/05/2026,18,APAC-SGP,APAC,SGP,21,"$69,432.30",HEALTHY,$0.00
48,Thoughtstorm,Fintech,13/01/2025,Monthly,"$3,400.96",Churned,19/08/2026,14,APAC-SGP,APAC,SGP,19,"$64,618.24",HEALTHY,$0.00
49,Topicshots,Enterprise Tech,15/05/2024,Monthly,"$13,370.20",Pending Renewal,17/07/2025,16,EU-CENTRAL,EU,CENTRAL,28,"$374,365.60",MODERATE RISK,$0.00
50,Zazio,Logistics,18/06/2025,Monthly,"$2,557.07",Active,11/06/2026,8,NA-EAST,NA,EAST,15,"$38,356.05",MODERATE RISK,$0.00
51,Thoughtstorm,E-Commerce,15/02/2025,Annual,"$13,720.72",Churned,13/01/2026,13,EU-CENTRAL,EU,CENTRAL,11,"$150,927.92",HEALTHY,$0.00
52,Shufflebeat,Fintech,06/04/2025,Monthly,"$3,112.90",Pending Renewal,,10,MEA-EGY,MEA,EGY,17,"$52,919.30",MODERATE RISK,$0.00
53,Twinder,Enterprise Tech,13/05/2024,Multi-Year,"$11,614.36",Pending Renewal,20/02/2026,7,NA-WEST,NA,WEST,28,"$325,202.08",MODERATE RISK,$0.00
54,Jamia,Fintech,09/03/2024,Multi-Year,"$9,998.80",At-Risk,19/08/2026,13,NA-WEST,NA,WEST,30,"$299,964.00",CRITICAL RISK,"$119,985.60"
55,Jaxspan,Healthcare,22/02/2024,Multi-Year,"$14,120.78",Pending Renewal,31/10/2025,18,MEA-EGY,MEA,EGY,31,"$437,744.18",MODERATE RISK,$0.00
56,Trilia,E-Commerce,07/02/2024,Monthly,"$8,351.41",Pending Renewal,22/07/2026,10,NA-WEST,NA,WEST,31,"$258,893.71",MODERATE RISK,$0.00
57,Quinu,Fintech,30/11/2024,Multi-Year,"$5,288.92",Churned,18/04/2026,11,NA-WEST,NA,WEST,17,"$89,911.64",HEALTHY,$0.00
58,Flashset,Logistics,06/05/2025,Multi-Year,"$14,832.20",Pending Renewal,01/08/2026,1,MEA-EGY,MEA,EGY,16,"$237,315.20",MODERATE RISK,$0.00
59,Thoughtstorm,Logistics,10/04/2024,Multi-Year,"$9,406.47",Churned,,7,MEA-EGY,MEA,EGY,29,"$272,787.63",MODERATE RISK,$0.00
60,Npath,Healthcare,08/12/2024,Multi-Year,"$12,671.41",At-Risk,10/02/2026,0,APAC-SGP,APAC,SGP,21,"$266,099.61",HEALTHY,$0.00
61,Gabvine,E-Commerce,21/02/2024,Multi-Year,"$1,435.82",Pending Renewal,08/11/2025,13,EU-CENTRAL,EU,CENTRAL,31,"$44,510.42",MODERATE RISK,$0.00
62,Babbleset,Fintech,29/04/2024,Annual,"$2,685.20",At-Risk,01/07/2025,5,NA-WEST,NA,WEST,29,"$77,870.80",MODERATE RISK,$0.00
63,Voonte,Enterprise Tech,25/11/2024,Multi-Year,"$2,386.25",Churned,30/06/2026,1,NA-WEST,NA,WEST,19,"$45,338.75",HEALTHY,$0.00
64,Voomm,Enterprise Tech,21/08/2024,Annual,"$8,628.02",Pending Renewal,,10,NA-WEST,NA,WEST,25,"$215,700.50",MODERATE RISK,$0.00
65,Abatz,E-Commerce,30/04/2025,Annual,"$11,084.71",Active,18/04/2026,0,EU-CENTRAL,EU,CENTRAL,17,"$188,440.07",HEALTHY,$0.00
66,Meemm,E-Commerce,12/05/2025,Multi-Year,"$5,394.88",Active,24/08/2025,16,APAC-SGP,APAC,SGP,16,"$86,318.08",HEALTHY,$0.00
67,Izio,Logistics,19/07/2024,Annual,"$7,808.55",At-Risk,08/05/2026,0,EU-CENTRAL,EU,CENTRAL,26,"$203,022.30",HEALTHY,$0.00
68,Twitterworks,Fintech,11/03/2025,Multi-Year,$869.29,Pending Renewal,10/07/2025,4,NA-EAST,NA,EAST,18,"$15,647.22",MODERATE RISK,$0.00
69,Ailane,Enterprise Tech,01/10/2024,Multi-Year,"$7,460.33",At-Risk,20/08/2025,4,APAC-SGP,APAC,SGP,23,"$171,587.59",HEALTHY,$0.00
70,Yakidoo,Healthcare,13/06/2025,Annual,"$4,244.61",At-Risk,,2,EU-CENTRAL,EU,CENTRAL,15,"$63,669.15",HEALTHY,$0.00
71,Kwimbee,E-Commerce,09/06/2025,Annual,"$7,549.02",Active,17/08/2025,12,EU-CENTRAL,EU,CENTRAL,15,"$113,235.30",HEALTHY,$0.00
72,Gigaclub,Healthcare,03/01/2025,Monthly,"$1,708.16",At-Risk,21/08/2026,7,NA-WEST,NA,WEST,20,"$34,163.20",MODERATE RISK,$0.00
73,Mudo,E-Commerce,05/01/2025,Monthly,"$12,053.16",At-Risk,23/11/2025,14,EU-CENTRAL,EU,CENTRAL,20,"$241,063.20",CRITICAL RISK,"$144,637.92"
74,Skippad,Enterprise Tech,05/04/2024,Monthly,"$5,277.18",Churned,04/08/2025,6,APAC-SGP,APAC,SGP,16,"$84,434.88",MODERATE RISK,$0.00
75,Rhynyx,Logistics,11/05/2024,Annual,"$4,697.85",At-Risk,18/09/2025,7,MEA-EGY,MEA,EGY,28,"$131,539.80",MODERATE RISK,$0.00
76,Gevee,Logistics,08/04/2025,Monthly,"$6,218.87",Churned,19/04/2026,2,NA-WEST,NA,WEST,12,"$74,626.44",HEALTHY,$0.00
77,Ainyx,Fintech,28/09/2024,Annual,"$2,387.60",At-Risk,25/08/2025,3,EU-CENTRAL,EU,CENTRAL,24,"$57,302.40",HEALTHY,$0.00
78,Buzzshare,E-Commerce,16/08/2024,Monthly,"$6,179.56",At-Risk,14/01/2026,3,APAC-SGP,APAC,SGP,25,"$154,489.00",HEALTHY,$0.00
79,Brainbox,Fintech,16/09/2024,Monthly,"$4,385.81",Pending Renewal,,17,APAC-SGP,APAC,SGP,24,"$105,259.44",MODERATE RISK,$0.00
80,Skiptube,Logistics,23/04/2024,Monthly,"$10,283.77",Active,,12,NA-WEST,NA,WEST,29,"$298,229.33",HEALTHY,$0.00
81,Devify,Enterprise Tech,10/01/2025,Annual,"$13,243.21",Churned,,12,NA-EAST,NA,EAST,20,"$264,864.20",HEALTHY,$0.00
82,Myworks,Logistics,02/06/2025,Annual,"$10,802.47",Active,15/09/2025,12,APAC-SGP,APAC,SGP,15,"$162,037.05",HEALTHY,$0.00
83,Abata,E-Commerce,17/05/2025,Multi-Year,"$12,367.38",At-Risk,04/07/2026,17,APAC-SGP,APAC,SGP,16,"$197,878.08",CRITICAL RISK,"$148,408.56"
84,Wikido,Healthcare,18/03/2025,Monthly,"$7,634.17",Churned,11/12/2025,13,MEA-EGY,MEA,EGY,9,"$68,707.53",HEALTHY,$0.00
85,Skynoodle,Healthcare,13/09/2024,Annual,"$11,897.59",Active,21/02/2026,6,APAC-SGP,APAC,SGP,24,"$285,542.16",MODERATE RISK,$0.00
86,Fivechat,Logistics,07/08/2024,Annual,"$2,841.41",Churned,27/06/2026,17,NA-EAST,NA,EAST,22,"$62,511.02",HEALTHY,$0.00
87,Roodel,Logistics,14/12/2024,Multi-Year,"$10,281.31",Pending Renewal,18/01/2026,13,MEA-EGY,MEA,EGY,21,"$215,907.51",MODERATE RISK,$0.00
88,Topicware,E-Commerce,29/04/2024,Monthly,"$7,028.86",At-Risk,17/01/2026,5,APAC-SGP,APAC,SGP,29,"$203,836.94",MODERATE RISK,$0.00
89,Oyope,Enterprise Tech,28/03/2024,Monthly,"$11,697.16",At-Risk,28/03/2026,2,EU-CENTRAL,EU,CENTRAL,30,"$350,914.80",HEALTHY,$0.00
90,Skipfire,Enterprise Tech,21/06/2024,Annual,"$7,183.13",Pending Renewal,27/06/2026,13,NA-WEST,NA,WEST,27,"$193,944.51",MODERATE RISK,$0.00
91,Flipbug,Enterprise Tech,05/11/2024,Annual,"$2,099.67",Churned,24/06/2026,14,EU-CENTRAL,EU,CENTRAL,19,"$39,893.73",HEALTHY,$0.00
92,Jazzy,Fintech,25/06/2024,Annual,$535.48,Active,13/03/2026,17,APAC-SGP,APAC,SGP,27,"$14,457.96",HEALTHY,$0.00
93,Feednation,E-Commerce,23/06/2024,Annual,"$7,692.69",Active,15/10/2025,6,NA-EAST,NA,EAST,27,"$207,702.63",MODERATE RISK,$0.00
94,Demizz,Healthcare,22/10/2024,Multi-Year,"$7,054.14",Churned,25/08/2025,5,MEA-EGY,MEA,EGY,10,"$70,541.40",MODERATE RISK,$0.00
95,Demimbu,E-Commerce,14/04/2024,Monthly,"$7,506.50",Active,16/03/2026,5,NA-WEST,NA,WEST,29,"$217,688.50",MODERATE RISK,$0.00
96,Ozu,Enterprise Tech,28/05/2025,Monthly,"$10,563.74",Churned,15/10/2025,11,MEA-EGY,MEA,EGY,5,"$52,818.70",HEALTHY,$0.00
97,Yakitri,Logistics,15/04/2025,Multi-Year,"$4,309.12",Active,,17,APAC-SGP,APAC,SGP,17,"$73,255.04",HEALTHY,$0.00
98,JumpXS,Enterprise Tech,12/03/2025,Annual,"$4,681.73",At-Risk,16/12/2025,0,APAC-SGP,APAC,SGP,18,"$84,271.14",HEALTHY,$0.00
99,Twinder,Healthcare,07/11/2024,Annual,"$11,560.41",Pending Renewal,01/06/2026,3,EU-CENTRAL,EU,CENTRAL,22,"$254,329.02",MODERATE RISK,$0.00
100,Skippad,Fintech,16/02/2024,Multi-Year,"$12,592.13",At-Risk,08/08/2025,11,APAC-SGP,APAC,SGP,31,"$390,356.03",CRITICAL RISK,"$151,105.56"
101,Bubbletube,Healthcare,18/01/2025,Annual,"$10,967.42",Churned,,5,APAC-SGP,APAC,SGP,20,"$219,348.40",MODERATE RISK,$0.00
102,Topdrive,Logistics,05/02/2025,Multi-Year,"$3,944.66",Pending Renewal,24/05/2026,10,NA-EAST,NA,EAST,19,"$74,948.54",MODERATE RISK,$0.00
103,Wikizz,E-Commerce,24/08/2024,Multi-Year,"$14,299.59",Churned,23/08/2025,3,NA-WEST,NA,WEST,12,"$171,595.08",HEALTHY,$0.00
104,Thoughtbeat,Fintech,12/08/2024,Monthly,"$5,574.31",Pending Renewal,12/09/2025,12,EU-CENTRAL,EU,CENTRAL,25,"$139,357.75",MODERATE RISK,$0.00
105,Linktype,Fintech,27/11/2024,Annual,"$2,720.54",Active,17/08/2026,0,NA-EAST,NA,EAST,22,"$59,851.88",HEALTHY,$0.00
106,Meevee,Fintech,20/10/2024,Monthly,"$3,805.79",Pending Renewal,27/11/2025,14,MEA-EGY,MEA,EGY,23,"$87,533.17",MODERATE RISK,$0.00
107,Kwimbee,Enterprise Tech,30/08/2024,Monthly,"$1,887.97",At-Risk,09/10/2025,2,NA-WEST,NA,WEST,25,"$47,199.25",HEALTHY,$0.00
108,Dablist,Logistics,22/11/2024,Monthly,"$12,761.09",Active,29/05/2026,11,EU-CENTRAL,EU,CENTRAL,22,"$280,743.98",HEALTHY,$0.00
109,Oyonder,Logistics,18/05/2024,Annual,"$14,715.67",At-Risk,09/08/2025,15,MEA-EGY,MEA,EGY,28,"$412,038.76",CRITICAL RISK,"$176,588.04"
110,Thoughtstorm,Fintech,27/06/2024,Annual,"$1,917.21",Active,20/08/2026,3,EU-CENTRAL,EU,CENTRAL,27,"$51,764.67",HEALTHY,$0.00
111,Tagfeed,Fintech,04/05/2024,Monthly,"$14,074.41",Pending Renewal,21/07/2026,3,NA-WEST,NA,WEST,28,"$394,083.48",MODERATE RISK,$0.00
112,Flashpoint,Healthcare,15/10/2024,Multi-Year,"$3,120.29",At-Risk,05/10/2025,11,EU-CENTRAL,EU,CENTRAL,23,"$71,766.67",CRITICAL RISK,"$37,443.48"
113,JumpXS,E-Commerce,24/10/2024,Annual,"$5,161.73",Active,15/02/2026,2,EU-CENTRAL,EU,CENTRAL,23,"$118,719.79",HEALTHY,$0.00
114,Innojam,Logistics,25/02/2025,Monthly,"$4,270.77",Active,29/01/2026,9,MEA-EGY,MEA,EGY,19,"$81,144.63",MODERATE RISK,$0.00
115,Kanoodle,E-Commerce,03/03/2025,Multi-Year,"$3,837.25",Pending Renewal,25/03/2026,8,MEA-EGY,MEA,EGY,18,"$69,070.50",MODERATE RISK,$0.00
116,Tazz,Logistics,27/05/2024,Annual,"$4,187.93",Pending Renewal,,14,NA-EAST,NA,EAST,28,"$117,262.04",MODERATE RISK,$0.00
117,Skaboo,Logistics,24/03/2025,Monthly,"$10,278.60",Pending Renewal,19/08/2025,0,APAC-SGP,APAC,SGP,18,"$185,014.80",MODERATE RISK,$0.00
118,Oodoo,E-Commerce,07/05/2025,Annual,"$11,017.60",At-Risk,05/03/2026,16,APAC-SGP,APAC,SGP,16,"$176,281.60",CRITICAL RISK,"$132,211.20"
119,Trilia,Logistics,25/12/2024,Annual,"$11,930.52",Active,14/08/2026,6,NA-WEST,NA,WEST,21,"$250,540.92",MODERATE RISK,$0.00
120,Aivee,E-Commerce,27/05/2025,Monthly,"$6,031.50",At-Risk,25/04/2026,12,NA-WEST,NA,WEST,16,"$96,504.00",CRITICAL RISK,"$72,378.00"
121,Midel,Enterprise Tech,15/11/2024,Annual,"$8,755.28",Pending Renewal,11/07/2025,0,NA-EAST,NA,EAST,22,"$192,616.16",MODERATE RISK,$0.00
122,Thoughtbeat,E-Commerce,18/11/2024,Multi-Year,"$8,882.21",Pending Renewal,02/08/2026,11,NA-WEST,NA,WEST,22,"$195,408.62",MODERATE RISK,$0.00
123,Jabbersphere,Healthcare,14/01/2024,Multi-Year,"$2,062.08",Active,17/10/2025,0,NA-EAST,NA,EAST,32,"$65,986.56",HEALTHY,$0.00
124,Fliptune,Enterprise Tech,10/07/2024,Monthly,"$3,074.67",Pending Renewal,21/02/2026,16,EU-CENTRAL,EU,CENTRAL,26,"$79,941.42",MODERATE RISK,$0.00
125,Realmix,Healthcare,26/10/2024,Monthly,"$7,068.28",At-Risk,15/02/2026,3,MEA-EGY,MEA,EGY,23,"$162,570.44",HEALTHY,$0.00
126,Jaxnation,Fintech,17/02/2024,Monthly,"$3,217.10",Active,,4,APAC-SGP,APAC,SGP,31,"$99,730.10",HEALTHY,$0.00
127,Ooba,Healthcare,18/12/2024,Multi-Year,"$8,372.57",Churned,23/11/2025,12,EU-CENTRAL,EU,CENTRAL,11,"$92,098.27",HEALTHY,$0.00
128,Babbleblab,Logistics,13/01/2024,Annual,$850.03,At-Risk,07/11/2025,1,MEA-EGY,MEA,EGY,32,"$27,200.96",HEALTHY,$0.00
129,Jaxnation,Healthcare,04/01/2025,Monthly,"$9,641.28",Pending Renewal,03/01/2026,10,EU-CENTRAL,EU,CENTRAL,20,"$192,825.60",MODERATE RISK,$0.00
130,Quimm,E-Commerce,16/02/2024,Annual,"$11,053.96",Active,05/11/2025,1,EU-CENTRAL,EU,CENTRAL,31,"$342,672.76",HEALTHY,$0.00
131,Avavee,Enterprise Tech,15/06/2025,Annual,"$7,543.21",Churned,07/08/2025,18,NA-WEST,NA,WEST,2,"$15,086.42",HEALTHY,$0.00
132,Cogibox,Enterprise Tech,25/11/2024,Multi-Year,"$7,715.04",Active,03/05/2026,6,APAC-SGP,APAC,SGP,22,"$169,730.88",MODERATE RISK,$0.00
133,Photolist,E-Commerce,09/02/2024,Annual,"$8,297.30",Pending Renewal,10/07/2025,11,APAC-SGP,APAC,SGP,31,"$257,216.30",MODERATE RISK,$0.00
134,Skalith,E-Commerce,04/10/2024,Multi-Year,"$10,980.63",Pending Renewal,01/12/2025,7,EU-CENTRAL,EU,CENTRAL,23,"$252,554.49",MODERATE RISK,$0.00
135,Centidel,Enterprise Tech,06/03/2024,Multi-Year,"$6,316.33",Pending Renewal,,17,EU-CENTRAL,EU,CENTRAL,30,"$189,489.90",MODERATE RISK,$0.00
136,Livetube,Logistics,13/11/2024,Annual,"$12,846.16",At-Risk,15/08/2026,5,NA-WEST,NA,WEST,22,"$282,615.52",MODERATE RISK,$0.00
137,Roodel,Enterprise Tech,08/04/2024,Monthly,"$10,330.85",Churned,,8,EU-CENTRAL,EU,CENTRAL,29,"$299,594.65",MODERATE RISK,$0.00
138,Flipopia,Enterprise Tech,28/07/2024,Multi-Year,"$9,625.19",Churned,,4,NA-EAST,NA,EAST,26,"$250,254.94",HEALTHY,$0.00
139,Fivebridge,Enterprise Tech,28/11/2024,Monthly,"$10,967.00",At-Risk,,1,APAC-SGP,APAC,SGP,22,"$241,274.00",HEALTHY,$0.00
140,Wikivu,E-Commerce,25/04/2025,Annual,"$6,987.91",Churned,20/05/2026,8,NA-WEST,NA,WEST,13,"$90,842.83",MODERATE RISK,$0.00
141,Rhynoodle,Fintech,06/04/2025,Multi-Year,"$14,161.26",Active,01/08/2026,15,NA-EAST,NA,EAST,17,"$240,741.42",HEALTHY,$0.00
142,Skipfire,Healthcare,09/05/2025,Monthly,"$10,531.16",At-Risk,27/01/2026,1,NA-WEST,NA,WEST,16,"$168,498.56",HEALTHY,$0.00
143,Jaxworks,Logistics,21/10/2024,Multi-Year,"$13,305.61",Pending Renewal,,17,MEA-EGY,MEA,EGY,23,"$306,029.03",MODERATE RISK,$0.00
144,Flashspan,E-Commerce,03/11/2024,Multi-Year,"$13,018.34",Active,25/12/2025,13,NA-EAST,NA,EAST,22,"$286,403.48",HEALTHY,$0.00
145,Vinder,Healthcare,07/11/2024,Monthly,"$7,822.74",Active,,9,EU-CENTRAL,EU,CENTRAL,22,"$172,100.28",MODERATE RISK,$0.00
146,Pixope,E-Commerce,09/06/2025,Monthly,"$8,502.62",Churned,26/06/2026,8,APAC-SGP,APAC,SGP,12,"$102,031.44",MODERATE RISK,$0.00
147,Npath,Fintech,13/07/2024,Annual,"$11,159.47",At-Risk,09/05/2026,9,NA-WEST,NA,WEST,26,"$290,146.22",MODERATE RISK,$0.00
148,Skivee,Healthcare,15/08/2024,Monthly,"$12,769.70",At-Risk,29/03/2026,11,APAC-SGP,APAC,SGP,25,"$319,242.50",CRITICAL RISK,"$153,236.40"
149,Linklinks,Logistics,11/05/2024,Multi-Year,"$10,592.91",Churned,15/06/2026,0,APAC-SGP,APAC,SGP,25,"$264,822.75",HEALTHY,$0.00
150,Kamba,Logistics,12/02/2024,Annual,"$9,803.27",Churned,,7,EU-CENTRAL,EU,CENTRAL,31,"$303,901.37",MODERATE RISK,$0.00
151,Thoughtbridge,Healthcare,20/06/2025,Multi-Year,"$10,642.24",At-Risk,26/08/2025,1,NA-EAST,NA,EAST,15,"$159,633.60",HEALTHY,$0.00
152,Thoughtbridge,Enterprise Tech,05/05/2025,Multi-Year,"$2,784.70",Pending Renewal,18/12/2025,18,MEA-EGY,MEA,EGY,16,"$44,555.20",MODERATE RISK,$0.00
153,Eayo,Fintech,16/10/2024,Monthly,"$8,882.58",Churned,,13,EU-CENTRAL,EU,CENTRAL,23,"$204,299.34",HEALTHY,$0.00
154,Gabcube,E-Commerce,08/04/2024,Multi-Year,"$9,482.06",At-Risk,10/07/2025,10,MEA-EGY,MEA,EGY,29,"$274,979.74",MODERATE RISK,$0.00
155,Tagchat,Fintech,24/08/2024,Annual,"$12,986.44",At-Risk,10/05/2026,1,NA-EAST,NA,EAST,25,"$324,661.00",HEALTHY,$0.00
156,Jabberbean,Enterprise Tech,15/03/2025,Annual,"$13,557.51",At-Risk,06/12/2025,17,NA-EAST,NA,EAST,18,"$244,035.18",CRITICAL RISK,"$162,690.12"
157,Linkbridge,Healthcare,13/02/2024,Annual,"$2,982.82",At-Risk,04/04/2026,14,NA-WEST,NA,WEST,31,"$92,467.42",CRITICAL RISK,"$35,793.84"
158,Riffpath,Logistics,22/02/2025,Monthly,"$13,234.25",Churned,,18,APAC-SGP,APAC,SGP,19,"$251,450.75",HEALTHY,$0.00
159,Meevee,Logistics,12/01/2025,Annual,"$7,967.62",Churned,19/06/2026,15,APAC-SGP,APAC,SGP,17,"$135,449.54",HEALTHY,$0.00
160,Blognation,Fintech,22/04/2025,Monthly,"$5,617.66",Active,02/07/2026,13,NA-EAST,NA,EAST,17,"$95,500.22",HEALTHY,$0.00
161,Bubblemix,Enterprise Tech,22/06/2024,Multi-Year,"$8,282.32",Active,21/02/2026,7,APAC-SGP,APAC,SGP,27,"$223,622.64",MODERATE RISK,$0.00
162,Realblab,Healthcare,17/01/2025,Annual,"$14,463.88",Active,05/10/2025,3,APAC-SGP,APAC,SGP,20,"$289,277.60",HEALTHY,$0.00
163,Quimm,Healthcare,23/02/2024,Multi-Year,"$6,203.46",Active,,13,MEA-EGY,MEA,EGY,31,"$192,307.26",HEALTHY,$0.00
164,Riffwire,Fintech,07/09/2024,Monthly,"$13,393.44",Active,16/04/2026,17,NA-EAST,NA,EAST,24,"$321,442.56",HEALTHY,$0.00
165,Gabcube,E-Commerce,20/02/2024,Monthly,"$8,770.24",At-Risk,,9,NA-WEST,NA,WEST,31,"$271,877.44",MODERATE RISK,$0.00
166,Youspan,Logistics,17/08/2024,Monthly,"$5,240.21",At-Risk,,18,NA-EAST,NA,EAST,25,"$131,005.25",CRITICAL RISK,"$62,882.52"
167,Trilith,E-Commerce,21/04/2025,Monthly,"$13,415.79",Churned,18/03/2026,17,APAC-SGP,APAC,SGP,11,"$147,573.69",HEALTHY,$0.00
168,Quatz,Fintech,16/07/2024,Monthly,"$13,114.96",Active,24/07/2026,10,NA-WEST,NA,WEST,26,"$340,988.96",MODERATE RISK,$0.00
169,Buzzshare,Healthcare,22/04/2025,Annual,"$8,214.07",At-Risk,26/04/2026,3,MEA-EGY,MEA,EGY,17,"$139,639.19",HEALTHY,$0.00
170,Pixonyx,Logistics,25/02/2025,Monthly,"$3,566.40",At-Risk,28/07/2026,11,NA-EAST,NA,EAST,19,"$67,761.60",CRITICAL RISK,"$42,796.80"
171,Voolia,Healthcare,16/10/2024,Annual,"$10,112.21",Churned,08/08/2025,10,EU-CENTRAL,EU,CENTRAL,10,"$101,122.10",MODERATE RISK,$0.00
172,Eire,Logistics,13/08/2024,Annual,"$10,938.23",At-Risk,12/05/2026,11,NA-EAST,NA,EAST,25,"$273,455.75",CRITICAL RISK,"$131,258.76"
173,Einti,Enterprise Tech,14/07/2024,Annual,"$11,217.64",At-Risk,,11,NA-WEST,NA,WEST,26,"$291,658.64",CRITICAL RISK,"$134,611.68"
174,Fliptune,Healthcare,30/07/2024,Multi-Year,"$11,957.92",Pending Renewal,,12,EU-CENTRAL,EU,CENTRAL,26,"$310,905.92",MODERATE RISK,$0.00
175,Muxo,Enterprise Tech,12/04/2025,Annual,"$9,650.44",Active,12/02/2026,17,NA-WEST,NA,WEST,17,"$164,057.48",HEALTHY,$0.00
176,Linklinks,Logistics,03/02/2024,Multi-Year,"$10,137.98",Pending Renewal,,10,APAC-SGP,APAC,SGP,31,"$314,277.38",MODERATE RISK,$0.00
177,Mynte,Healthcare,05/04/2024,Annual,"$12,515.19",At-Risk,07/04/2026,17,NA-WEST,NA,WEST,29,"$362,940.51",CRITICAL RISK,"$150,182.28"
178,Yodel,Enterprise Tech,27/07/2024,Monthly,"$2,022.19",At-Risk,11/03/2026,9,MEA-EGY,MEA,EGY,26,"$52,576.94",MODERATE RISK,$0.00
179,Kare,Enterprise Tech,05/06/2025,Monthly,"$4,713.26",Active,01/04/2026,16,APAC-SGP,APAC,SGP,15,"$70,698.90",HEALTHY,$0.00
180,Twitterlist,Logistics,22/01/2025,Annual,"$9,806.90",Churned,10/12/2025,17,NA-EAST,NA,EAST,11,"$107,875.90",HEALTHY,$0.00
181,Camimbo,E-Commerce,07/09/2024,Monthly,"$4,211.84",Active,18/07/2026,16,EU-CENTRAL,EU,CENTRAL,24,"$101,084.16",HEALTHY,$0.00
182,Skivee,Fintech,27/04/2024,Multi-Year,"$1,999.89",At-Risk,01/11/2025,9,NA-EAST,NA,EAST,29,"$57,996.81",MODERATE RISK,$0.00
183,Fiveclub,Logistics,28/04/2024,Annual,"$5,963.49",Churned,02/10/2025,3,EU-CENTRAL,EU,CENTRAL,18,"$107,342.82",HEALTHY,$0.00
184,Browsedrive,Logistics,22/02/2024,Monthly,"$11,775.94",Pending Renewal,30/06/2026,17,APAC-SGP,APAC,SGP,31,"$365,054.14",MODERATE RISK,$0.00
185,Realbridge,Logistics,11/05/2025,Annual,"$9,116.60",Pending Renewal,,4,NA-WEST,NA,WEST,16,"$145,865.60",MODERATE RISK,$0.00
186,Fadeo,Healthcare,25/06/2024,Multi-Year,"$3,186.12",Churned,05/07/2026,2,MEA-EGY,MEA,EGY,25,"$79,653.00",HEALTHY,$0.00
187,Vidoo,Enterprise Tech,03/12/2024,Multi-Year,"$11,508.55",Churned,23/04/2026,7,MEA-EGY,MEA,EGY,16,"$184,136.80",MODERATE RISK,$0.00
188,Gabtype,Fintech,03/04/2024,Multi-Year,"$6,433.40",Active,27/07/2026,18,APAC-SGP,APAC,SGP,29,"$186,568.60",HEALTHY,$0.00
189,Thoughtworks,Enterprise Tech,17/06/2025,Monthly,"$5,543.12",Active,30/05/2026,1,NA-WEST,NA,WEST,15,"$83,146.80",HEALTHY,$0.00
190,Zoovu,Enterprise Tech,10/01/2024,Multi-Year,"$10,917.92",At-Risk,12/11/2025,11,APAC-SGP,APAC,SGP,32,"$349,373.44",CRITICAL RISK,"$131,015.04"
191,Voonyx,Healthcare,25/01/2024,Annual,"$3,589.16",At-Risk,31/07/2025,9,NA-EAST,NA,EAST,32,"$114,853.12",MODERATE RISK,$0.00
192,Livetube,Fintech,10/11/2024,Monthly,"$6,536.71",Pending Renewal,11/07/2025,10,NA-EAST,NA,EAST,22,"$143,807.62",MODERATE RISK,$0.00
193,Jabbertype,Healthcare,27/07/2024,Monthly,"$2,089.93",Active,01/06/2026,0,NA-EAST,NA,EAST,26,"$54,338.18",HEALTHY,$0.00
194,Fivechat,Fintech,17/02/2025,Monthly,"$14,876.47",Churned,13/12/2025,7,EU-CENTRAL,EU,CENTRAL,10,"$148,764.70",MODERATE RISK,$0.00
195,Devbug,E-Commerce,11/06/2025,Annual,"$13,359.93",At-Risk,10/12/2025,15,APAC-SGP,APAC,SGP,15,"$200,398.95",CRITICAL RISK,"$160,319.16"
196,Kimia,Logistics,20/10/2024,Multi-Year,"$2,200.46",At-Risk,,17,APAC-SGP,APAC,SGP,23,"$50,610.58",CRITICAL RISK,"$26,405.52"
197,Wikizz,Healthcare,25/01/2024,Multi-Year,"$1,206.05",Pending Renewal,29/11/2025,12,MEA-EGY,MEA,EGY,32,"$38,593.60",MODERATE RISK,$0.00
198,Zava,Logistics,18/04/2025,Monthly,"$14,597.21",At-Risk,,3,NA-EAST,NA,EAST,17,"$248,152.57",HEALTHY,$0.00
199,Avaveo,Fintech,31/03/2024,Multi-Year,"$1,784.38",Churned,22/09/2025,14,NA-EAST,NA,EAST,18,"$32,118.84",HEALTHY,$0.00
200,Livetube,E-Commerce,15/03/2025,Annual,"$6,967.75",At-Risk,17/12/2025,3,NA-EAST,NA,EAST,18,"$125,419.50",HEALTHY,$0.00
201,Vidoo,Healthcare,25/03/2024,Monthly,"$5,363.65",Active,17/08/2026,5,NA-WEST,NA,WEST,30,"$160,909.50",MODERATE RISK,$0.00
202,JumpXS,Healthcare,01/07/2024,Monthly,"$3,692.98",Churned,04/07/2026,14,NA-EAST,NA,EAST,24,"$88,631.52",HEALTHY,$0.00
203,Oba,Fintech,13/05/2025,Multi-Year,"$7,820.83",Active,30/12/2025,14,NA-WEST,NA,WEST,16,"$125,133.28",HEALTHY,$0.00
204,Teklist,Healthcare,29/02/2024,Monthly,"$2,601.86",Active,08/04/2026,18,MEA-EGY,MEA,EGY,31,"$80,657.66",HEALTHY,$0.00
205,Latz,E-Commerce,03/04/2024,Multi-Year,"$8,155.67",Active,,0,NA-WEST,NA,WEST,29,"$236,514.43",HEALTHY,$0.00
206,Buzzdog,Enterprise Tech,12/11/2024,Multi-Year,"$14,579.16",Pending Renewal,31/01/2026,17,EU-CENTRAL,EU,CENTRAL,22,"$320,741.52",MODERATE RISK,$0.00
207,Meezzy,Enterprise Tech,25/03/2024,Multi-Year,"$3,094.81",Active,30/10/2025,14,EU-CENTRAL,EU,CENTRAL,30,"$92,844.30",HEALTHY,$0.00
208,Edgepulse,Enterprise Tech,19/03/2025,Monthly,"$1,193.09",Churned,29/08/2025,12,APAC-SGP,APAC,SGP,5,"$5,965.45",HEALTHY,$0.00
209,Avaveo,E-Commerce,28/02/2025,Multi-Year,"$6,506.72",At-Risk,04/08/2025,4,EU-CENTRAL,EU,CENTRAL,19,"$123,627.68",HEALTHY,$0.00
210,Rhyloo,Healthcare,12/06/2024,Monthly,"$9,219.61",Pending Renewal,31/07/2025,18,NA-EAST,NA,EAST,27,"$248,929.47",MODERATE RISK,$0.00
211,Yabox,Logistics,21/06/2024,Annual,"$2,413.71",At-Risk,04/07/2026,1,NA-EAST,NA,EAST,27,"$65,170.17",HEALTHY,$0.00
212,Linkbridge,Healthcare,05/05/2024,Annual,"$8,774.94",Pending Renewal,05/06/2026,16,EU-CENTRAL,EU,CENTRAL,28,"$245,698.32",MODERATE RISK,$0.00
213,Fiveclub,Fintech,27/02/2024,Monthly,"$7,935.24",At-Risk,13/03/2026,12,MEA-EGY,MEA,EGY,31,"$245,992.44",CRITICAL RISK,"$95,222.88"
214,Eadel,E-Commerce,25/05/2024,Annual,"$14,099.18",Active,27/05/2026,3,NA-EAST,NA,EAST,28,"$394,777.04",HEALTHY,$0.00
215,Yodo,E-Commerce,01/10/2024,Multi-Year,"$9,234.69",Churned,25/07/2026,8,NA-EAST,NA,EAST,21,"$193,928.49",MODERATE RISK,$0.00
216,Vinder,E-Commerce,04/05/2024,Annual,"$14,327.15",At-Risk,20/02/2026,11,NA-EAST,NA,EAST,28,"$401,160.20",CRITICAL RISK,"$171,925.80"
217,Meezzy,Healthcare,30/12/2024,Annual,"$12,438.91",At-Risk,11/09/2025,16,APAC-SGP,APAC,SGP,21,"$261,217.11",CRITICAL RISK,"$149,266.92"
218,Twitterworks,E-Commerce,22/01/2024,Annual,"$6,336.09",Pending Renewal,,4,APAC-SGP,APAC,SGP,32,"$202,754.88",MODERATE RISK,$0.00
219,Skippad,Healthcare,26/07/2024,Monthly,"$9,997.07",At-Risk,22/08/2025,17,NA-WEST,NA,WEST,26,"$259,923.82",CRITICAL RISK,"$119,964.84"
220,Trudoo,Healthcare,09/09/2024,Annual,"$1,693.75",Churned,22/10/2025,4,MEA-EGY,MEA,EGY,13,"$22,018.75",HEALTHY,$0.00
221,Quamba,E-Commerce,25/06/2024,Monthly,"$2,129.47",Pending Renewal,25/05/2026,0,APAC-SGP,APAC,SGP,27,"$57,495.69",MODERATE RISK,$0.00
222,Jaxworks,Healthcare,05/06/2025,Monthly,"$8,178.60",At-Risk,22/04/2026,3,MEA-EGY,MEA,EGY,15,"$122,679.00",HEALTHY,$0.00
223,Lajo,E-Commerce,06/01/2024,Annual,"$10,382.31",Active,18/01/2026,2,APAC-SGP,APAC,SGP,32,"$332,233.92",HEALTHY,$0.00
224,Trilith,Enterprise Tech,22/10/2024,Multi-Year,"$1,818.26",Churned,02/02/2026,14,MEA-EGY,MEA,EGY,16,"$29,092.16",HEALTHY,$0.00
225,Trilith,Fintech,09/06/2025,Monthly,"$2,413.60",Pending Renewal,31/05/2026,11,MEA-EGY,MEA,EGY,15,"$36,204.00",MODERATE RISK,$0.00
226,Youspan,Fintech,09/03/2025,Multi-Year,"$13,322.37",At-Risk,25/02/2026,15,NA-WEST,NA,WEST,18,"$239,802.66",CRITICAL RISK,"$159,868.44"
227,Meembee,Healthcare,12/05/2025,Annual,"$1,784.36",At-Risk,,5,EU-CENTRAL,EU,CENTRAL,16,"$28,549.76",MODERATE RISK,$0.00
228,Voolia,Healthcare,04/11/2024,Multi-Year,"$11,824.92",Active,31/07/2025,5,NA-WEST,NA,WEST,22,"$260,148.24",MODERATE RISK,$0.00
229,Kwilith,Logistics,01/06/2024,Annual,"$7,378.24",Active,05/07/2026,16,NA-WEST,NA,WEST,27,"$199,212.48",HEALTHY,$0.00
230,Kazio,Healthcare,14/01/2024,Annual,"$1,758.92",Churned,21/08/2026,12,EU-CENTRAL,EU,CENTRAL,31,"$54,526.52",HEALTHY,$0.00
231,Vimbo,Enterprise Tech,08/03/2024,Monthly,"$5,299.61",Active,30/08/2025,0,APAC-SGP,APAC,SGP,30,"$158,988.30",HEALTHY,$0.00
232,Devcast,Enterprise Tech,24/04/2024,Multi-Year,"$9,472.13",Active,14/08/2025,6,NA-WEST,NA,WEST,29,"$274,691.77",MODERATE RISK,$0.00
233,Realcube,Enterprise Tech,27/12/2024,Annual,"$2,433.06",Pending Renewal,15/09/2025,12,APAC-SGP,APAC,SGP,21,"$51,094.26",MODERATE RISK,$0.00
234,Voolith,Fintech,30/05/2025,Multi-Year,"$11,837.50",Pending Renewal,03/11/2025,3,APAC-SGP,APAC,SGP,16,"$189,400.00",MODERATE RISK,$0.00
235,Yata,Fintech,08/06/2024,Annual,"$6,924.84",Pending Renewal,24/07/2025,17,MEA-EGY,MEA,EGY,27,"$186,970.68",MODERATE RISK,$0.00
236,Eamia,E-Commerce,03/01/2024,Annual,"$12,914.20",Churned,28/07/2026,13,MEA-EGY,MEA,EGY,30,"$387,426.00",HEALTHY,$0.00
237,Jaxbean,Logistics,12/04/2024,Annual,"$2,456.76",Churned,,1,EU-CENTRAL,EU,CENTRAL,29,"$71,246.04",HEALTHY,$0.00
238,Voonix,Healthcare,25/05/2024,Annual,"$5,724.77",Pending Renewal,24/03/2026,18,NA-EAST,NA,EAST,28,"$160,293.56",MODERATE RISK,$0.00
239,Realmix,Enterprise Tech,05/12/2024,Monthly,"$5,707.34",Pending Renewal,20/04/2026,5,EU-CENTRAL,EU,CENTRAL,21,"$119,854.14",MODERATE RISK,$0.00
240,Riffpath,Fintech,30/01/2025,Annual,"$1,870.51",Churned,02/07/2026,17,NA-EAST,NA,EAST,18,"$33,669.18",HEALTHY,$0.00
241,Leenti,E-Commerce,07/06/2025,Monthly,"$11,765.53",Churned,14/07/2026,17,MEA-EGY,MEA,EGY,13,"$152,951.89",HEALTHY,$0.00
242,Dabfeed,E-Commerce,03/04/2024,Monthly,"$14,790.99",At-Risk,28/01/2026,2,MEA-EGY,MEA,EGY,29,"$428,938.71",HEALTHY,$0.00
243,Jetwire,Healthcare,26/04/2025,Annual,"$10,917.62",Pending Renewal,12/09/2025,6,APAC-SGP,APAC,SGP,17,"$185,599.54",MODERATE RISK,$0.00
244,Yamia,E-Commerce,18/03/2025,Annual,"$12,039.27",At-Risk,,7,MEA-EGY,MEA,EGY,18,"$216,706.86",MODERATE RISK,$0.00
245,Dabjam,Logistics,01/01/2024,Annual,"$14,652.92",Churned,09/07/2026,1,NA-EAST,NA,EAST,30,"$439,587.60",HEALTHY,$0.00
246,Meevee,E-Commerce,28/10/2024,Monthly,"$8,855.83",Churned,25/12/2025,14,NA-WEST,NA,WEST,14,"$123,981.62",HEALTHY,$0.00
247,Twimbo,Healthcare,03/04/2024,Multi-Year,"$9,318.19",Pending Renewal,04/09/2025,1,MEA-EGY,MEA,EGY,29,"$270,227.51",MODERATE RISK,$0.00
248,Flashpoint,Healthcare,31/05/2024,Annual,"$7,992.14",Pending Renewal,04/12/2025,12,APAC-SGP,APAC,SGP,28,"$223,779.92",MODERATE RISK,$0.00
249,Reallinks,Enterprise Tech,30/07/2024,Annual,"$2,700.11",At-Risk,11/09/2025,8,APAC-SGP,APAC,SGP,26,"$70,202.86",MODERATE RISK,$0.00
250,Yata,Enterprise Tech,19/05/2025,Annual,"$7,619.93",Churned,13/08/2026,2,NA-WEST,NA,WEST,15,"$114,298.95",HEALTHY,$0.00
251,Eare,Fintech,24/11/2024,Monthly,"$11,875.36",Churned,27/04/2026,4,APAC-SGP,APAC,SGP,17,"$201,881.12",HEALTHY,$0.00
252,Topiclounge,E-Commerce,28/03/2025,Annual,"$14,158.71",Churned,17/07/2025,18,NA-EAST,NA,EAST,4,"$56,634.84",HEALTHY,$0.00
253,Thoughtmix,Logistics,19/01/2024,Monthly,"$12,782.44",Churned,22/01/2026,7,MEA-EGY,MEA,EGY,24,"$306,778.56",MODERATE RISK,$0.00
254,Oyoyo,E-Commerce,11/10/2024,Monthly,"$12,173.99",Pending Renewal,20/01/2026,17,APAC-SGP,APAC,SGP,23,"$280,001.77",MODERATE RISK,$0.00
255,Yamia,Healthcare,21/02/2025,Monthly,"$10,041.57",Pending Renewal,16/03/2026,17,APAC-SGP,APAC,SGP,19,"$190,789.83",MODERATE RISK,$0.00
256,Fatz,Healthcare,05/12/2024,Multi-Year,"$5,332.12",Active,,16,APAC-SGP,APAC,SGP,21,"$111,974.52",HEALTHY,$0.00
257,Livetube,Healthcare,09/06/2025,Monthly,"$9,233.94",Active,28/11/2025,16,EU-CENTRAL,EU,CENTRAL,15,"$138,509.10",HEALTHY,$0.00
258,Chatterbridge,Healthcare,17/01/2024,Monthly,"$10,398.71",Churned,09/08/2026,6,MEA-EGY,MEA,EGY,31,"$322,360.01",MODERATE RISK,$0.00
259,Livefish,Healthcare,26/12/2024,Multi-Year,"$2,367.69",Churned,28/01/2026,17,NA-WEST,NA,WEST,13,"$30,779.97",HEALTHY,$0.00
260,Layo,Healthcare,11/06/2025,Monthly,"$12,826.61",Churned,05/03/2026,8,MEA-EGY,MEA,EGY,9,"$115,439.49",MODERATE RISK,$0.00
261,Voonte,Enterprise Tech,22/10/2024,Annual,"$2,245.81",At-Risk,07/08/2025,11,EU-CENTRAL,EU,CENTRAL,23,"$51,653.63",CRITICAL RISK,"$26,949.72"
262,Realfire,Enterprise Tech,02/06/2024,Annual,"$2,592.86",Active,05/05/2026,11,NA-WEST,NA,WEST,27,"$70,007.22",HEALTHY,$0.00
263,Photobean,E-Commerce,15/02/2024,Multi-Year,"$11,752.32",At-Risk,27/01/2026,2,EU-CENTRAL,EU,CENTRAL,31,"$364,321.92",HEALTHY,$0.00
264,Photofeed,Logistics,31/03/2024,Multi-Year,$620.06,Active,23/11/2025,12,MEA-EGY,MEA,EGY,30,"$18,601.80",HEALTHY,$0.00
265,Riffpath,Healthcare,02/06/2024,Annual,"$3,273.67",Churned,12/03/2026,2,MEA-EGY,MEA,EGY,21,"$68,747.07",HEALTHY,$0.00
266,Gabvine,Fintech,06/03/2025,Multi-Year,"$2,120.17",Active,06/12/2025,9,NA-EAST,NA,EAST,18,"$38,163.06",MODERATE RISK,$0.00
267,Feedmix,E-Commerce,07/06/2024,Multi-Year,"$10,115.29",Active,,15,APAC-SGP,APAC,SGP,27,"$273,112.83",HEALTHY,$0.00
268,Yakitri,Enterprise Tech,28/05/2024,Annual,"$4,671.49",Pending Renewal,,11,EU-CENTRAL,EU,CENTRAL,28,"$130,801.72",MODERATE RISK,$0.00
269,Jabberstorm,E-Commerce,31/01/2024,Multi-Year,"$3,152.91",Active,10/07/2026,1,NA-WEST,NA,WEST,32,"$100,893.12",HEALTHY,$0.00
270,Vinte,Healthcare,11/04/2024,Annual,"$4,270.70",Active,14/12/2025,18,APAC-SGP,APAC,SGP,29,"$123,850.30",HEALTHY,$0.00
271,Twinte,Logistics,02/03/2024,Multi-Year,"$13,686.23",Active,13/10/2025,8,NA-WEST,NA,WEST,30,"$410,586.90",MODERATE RISK,$0.00
272,Lajo,Fintech,04/08/2024,Annual,"$10,830.86",Pending Renewal,21/11/2025,5,NA-EAST,NA,EAST,25,"$270,771.50",MODERATE RISK,$0.00
273,Yata,Logistics,11/02/2025,Monthly,$614.87,Churned,09/04/2026,3,NA-EAST,NA,EAST,14,"$8,608.18",HEALTHY,$0.00
274,Oodoo,Logistics,10/08/2024,Multi-Year,"$11,712.76",Pending Renewal,06/10/2025,18,NA-EAST,NA,EAST,25,"$292,819.00",MODERATE RISK,$0.00
275,Skidoo,Enterprise Tech,08/05/2025,Multi-Year,"$8,140.82",Churned,12/07/2025,5,APAC-SGP,APAC,SGP,2,"$16,281.64",MODERATE RISK,$0.00
276,JumpXS,Logistics,26/05/2024,Annual,"$8,965.27",At-Risk,13/09/2025,3,EU-CENTRAL,EU,CENTRAL,28,"$251,027.56",HEALTHY,$0.00
277,Babbleset,Fintech,25/02/2025,Multi-Year,"$11,160.08",Active,13/11/2025,7,EU-CENTRAL,EU,CENTRAL,19,"$212,041.52",MODERATE RISK,$0.00
278,Dynabox,Logistics,16/08/2024,Monthly,"$6,829.43",Pending Renewal,03/12/2025,9,APAC-SGP,APAC,SGP,25,"$170,735.75",MODERATE RISK,$0.00
279,Edgeify,E-Commerce,06/07/2024,Monthly,"$2,568.72",At-Risk,,5,APAC-SGP,APAC,SGP,26,"$66,786.72",MODERATE RISK,$0.00
280,Skibox,E-Commerce,05/10/2024,Multi-Year,"$5,657.33",Pending Renewal,11/03/2026,3,EU-CENTRAL,EU,CENTRAL,23,"$130,118.59",MODERATE RISK,$0.00
281,Trudeo,Healthcare,22/06/2024,Annual,"$4,438.10",Churned,04/07/2026,9,NA-EAST,NA,EAST,25,"$110,952.50",MODERATE RISK,$0.00
282,Mynte,E-Commerce,15/02/2025,Multi-Year,"$4,605.14",At-Risk,14/07/2025,17,MEA-EGY,MEA,EGY,19,"$87,497.66",CRITICAL RISK,"$55,261.68"
283,Linkbridge,E-Commerce,10/06/2024,Monthly,$970.64,At-Risk,29/09/2025,15,NA-WEST,NA,WEST,27,"$26,207.28",CRITICAL RISK,"$11,647.68"
284,Twitterworks,Fintech,28/03/2025,Multi-Year,"$13,188.80",Active,22/10/2025,16,NA-EAST,NA,EAST,18,"$237,398.40",HEALTHY,$0.00
285,Kayveo,Logistics,17/07/2024,Monthly,"$9,219.04",Pending Renewal,15/04/2026,4,NA-EAST,NA,EAST,26,"$239,695.04",MODERATE RISK,$0.00
286,Browseblab,Fintech,14/02/2025,Annual,"$12,582.98",Pending Renewal,25/07/2026,2,NA-WEST,NA,WEST,19,"$239,076.62",MODERATE RISK,$0.00
287,Tagcat,E-Commerce,02/09/2024,Monthly,"$10,522.44",Pending Renewal,19/12/2025,18,NA-EAST,NA,EAST,24,"$252,538.56",MODERATE RISK,$0.00
288,Shufflebeat,Fintech,27/06/2025,Monthly,"$9,246.01",Pending Renewal,27/07/2025,14,EU-CENTRAL,EU,CENTRAL,15,"$138,690.15",MODERATE RISK,$0.00
289,Teklist,Fintech,01/08/2024,Multi-Year,"$11,909.32",Active,08/05/2026,13,MEA-EGY,MEA,EGY,25,"$297,733.00",HEALTHY,$0.00
290,Kayveo,Fintech,05/08/2024,Monthly,"$1,137.86",Churned,08/11/2025,4,NA-EAST,NA,EAST,15,"$17,067.90",HEALTHY,$0.00
291,Leexo,Healthcare,14/06/2025,Monthly,"$4,093.96",Churned,02/01/2026,14,NA-EAST,NA,EAST,7,"$28,657.72",HEALTHY,$0.00
292,Quaxo,E-Commerce,31/01/2024,Multi-Year,"$2,704.09",Churned,27/06/2026,10,EU-CENTRAL,EU,CENTRAL,29,"$78,418.61",MODERATE RISK,$0.00
293,Yadel,Logistics,29/05/2025,Multi-Year,"$5,600.01",Churned,15/09/2025,2,NA-EAST,NA,EAST,4,"$22,400.04",HEALTHY,$0.00
294,Oozz,Enterprise Tech,12/10/2024,Annual,"$5,236.56",Active,13/09/2025,1,NA-EAST,NA,EAST,23,"$120,440.88",HEALTHY,$0.00
295,Kazio,Fintech,06/02/2025,Annual,"$3,568.42",Active,29/10/2025,4,EU-CENTRAL,EU,CENTRAL,19,"$67,799.98",HEALTHY,$0.00
296,Fivebridge,Logistics,28/10/2024,Multi-Year,"$14,836.48",At-Risk,06/12/2025,1,NA-EAST,NA,EAST,23,"$341,239.04",HEALTHY,$0.00
297,Quamba,Healthcare,09/02/2024,Multi-Year,"$5,904.70",Active,22/07/2026,3,EU-CENTRAL,EU,CENTRAL,31,"$183,045.70",HEALTHY,$0.00
298,Shufflebeat,E-Commerce,07/12/2024,Multi-Year,"$2,331.70",At-Risk,21/03/2026,2,NA-WEST,NA,WEST,21,"$48,965.70",HEALTHY,$0.00
299,Yakidoo,Logistics,16/06/2024,Multi-Year,"$6,515.38",Churned,,17,MEA-EGY,MEA,EGY,27,"$175,915.26",HEALTHY,$0.00
300,Skyba,Healthcare,13/03/2025,Annual,"$12,030.94",Pending Renewal,,17,APAC-SGP,APAC,SGP,18,"$216,556.92",MODERATE RISK,$0.00
301,InnoZ,Enterprise Tech,10/11/2024,Monthly,"$1,811.75",Active,,7,NA-EAST,NA,EAST,22,"$39,858.50",MODERATE RISK,$0.00
302,Cogidoo,E-Commerce,08/08/2024,Monthly,"$4,512.88",Active,13/04/2026,0,NA-EAST,NA,EAST,25,"$112,822.00",HEALTHY,$0.00
303,Mydo,Fintech,08/07/2024,Monthly,"$3,659.31",Churned,,16,MEA-EGY,MEA,EGY,26,"$95,142.06",HEALTHY,$0.00
304,Lazz,Enterprise Tech,06/02/2024,Monthly,"$12,919.69",Pending Renewal,,9,APAC-SGP,APAC,SGP,31,"$400,510.39",MODERATE RISK,$0.00
305,Rhycero,Enterprise Tech,25/01/2025,Annual,"$8,571.10",Churned,28/05/2026,12,APAC-SGP,APAC,SGP,16,"$137,137.60",HEALTHY,$0.00
306,Rhycero,Fintech,12/04/2025,Annual,"$12,466.02",Active,13/06/2026,5,MEA-EGY,MEA,EGY,17,"$211,922.34",MODERATE RISK,$0.00
307,Youspan,Fintech,23/12/2024,Monthly,"$8,406.18",Active,22/07/2025,17,NA-EAST,NA,EAST,21,"$176,529.78",HEALTHY,$0.00
308,Kwilith,Logistics,24/12/2024,Annual,"$1,870.39",Pending Renewal,28/04/2026,1,NA-EAST,NA,EAST,21,"$39,278.19",MODERATE RISK,$0.00
309,Blogspan,Fintech,09/10/2024,Monthly,$811.86,Pending Renewal,02/09/2025,5,EU-CENTRAL,EU,CENTRAL,23,"$18,672.78",MODERATE RISK,$0.00
310,Oyonder,E-Commerce,09/11/2024,Monthly,"$10,588.62",Pending Renewal,04/04/2026,11,MEA-EGY,MEA,EGY,22,"$232,949.64",MODERATE RISK,$0.00
311,Vinte,E-Commerce,01/05/2025,Annual,$825.64,Pending Renewal,14/02/2026,2,MEA-EGY,MEA,EGY,16,"$13,210.24",MODERATE RISK,$0.00
312,Quatz,Enterprise Tech,31/01/2025,Multi-Year,"$7,851.66",Churned,07/08/2026,17,MEA-EGY,MEA,EGY,19,"$149,181.54",HEALTHY,$0.00
313,Tagpad,Healthcare,15/11/2024,Annual,"$5,542.99",Pending Renewal,11/09/2025,8,NA-EAST,NA,EAST,22,"$121,945.78",MODERATE RISK,$0.00
314,Devbug,Fintech,14/02/2024,Multi-Year,"$14,587.98",Active,21/10/2025,18,NA-WEST,NA,WEST,31,"$452,227.38",HEALTHY,$0.00
315,Oyonder,E-Commerce,25/03/2024,Monthly,"$13,017.27",Churned,15/04/2026,16,NA-WEST,NA,WEST,25,"$325,431.75",HEALTHY,$0.00
316,Yoveo,Logistics,27/04/2024,Annual,"$2,889.53",Pending Renewal,25/05/2026,6,NA-EAST,NA,EAST,29,"$83,796.37",MODERATE RISK,$0.00
317,Oyonder,Enterprise Tech,18/04/2024,Annual,"$10,448.12",At-Risk,03/07/2025,2,NA-WEST,NA,WEST,29,"$302,995.48",HEALTHY,$0.00
318,Avavee,Logistics,08/09/2024,Monthly,"$5,620.32",Pending Renewal,27/01/2026,4,MEA-EGY,MEA,EGY,24,"$134,887.68",MODERATE RISK,$0.00
319,Dabfeed,Logistics,08/03/2025,Annual,"$9,916.58",Active,05/05/2026,13,NA-WEST,NA,WEST,18,"$178,498.44",HEALTHY,$0.00
320,Ooba,E-Commerce,22/02/2025,Monthly,"$10,119.05",Pending Renewal,01/07/2025,11,MEA-EGY,MEA,EGY,19,"$192,261.95",MODERATE RISK,$0.00
321,Twitternation,E-Commerce,18/06/2025,Monthly,"$14,478.21",At-Risk,19/03/2026,3,NA-EAST,NA,EAST,15,"$217,173.15",HEALTHY,$0.00
322,Wikido,E-Commerce,10/04/2025,Monthly,"$7,530.07",At-Risk,22/07/2026,17,NA-EAST,NA,EAST,17,"$128,011.19",CRITICAL RISK,"$90,360.84"
323,Yodo,Logistics,26/07/2024,Multi-Year,"$7,126.28",Churned,,15,EU-CENTRAL,EU,CENTRAL,26,"$185,283.28",HEALTHY,$0.00
324,Fatz,Fintech,30/01/2024,Annual,"$3,708.37",Churned,08/10/2025,4,NA-WEST,NA,WEST,21,"$77,875.77",HEALTHY,$0.00
325,Dablist,Enterprise Tech,20/04/2024,Multi-Year,"$6,954.08",Pending Renewal,21/10/2025,9,MEA-EGY,MEA,EGY,29,"$201,668.32",MODERATE RISK,$0.00
326,Jabbertype,Fintech,10/06/2025,Multi-Year,"$12,313.63",Churned,25/07/2026,13,NA-EAST,NA,EAST,13,"$160,077.19",HEALTHY,$0.00
327,Divape,Logistics,15/03/2024,Monthly,"$11,956.27",At-Risk,08/06/2026,12,NA-EAST,NA,EAST,30,"$358,688.10",CRITICAL RISK,"$143,475.24"
328,Kwinu,Enterprise Tech,06/03/2024,Multi-Year,"$2,964.93",At-Risk,,3,EU-CENTRAL,EU,CENTRAL,30,"$88,947.90",HEALTHY,$0.00
329,Mycat,Logistics,24/12/2024,Monthly,"$10,980.72",Active,24/10/2025,3,MEA-EGY,MEA,EGY,21,"$230,595.12",HEALTHY,$0.00
330,Shuffletag,Enterprise Tech,24/07/2024,Monthly,"$5,010.52",At-Risk,,5,NA-WEST,NA,WEST,26,"$130,273.52",MODERATE RISK,$0.00
331,Dynabox,Logistics,24/09/2024,Multi-Year,"$11,602.59",Active,02/07/2025,7,EU-CENTRAL,EU,CENTRAL,24,"$278,462.16",MODERATE RISK,$0.00
332,Topicshots,Enterprise Tech,21/11/2024,Annual,"$8,508.52",Active,12/08/2025,7,APAC-SGP,APAC,SGP,22,"$187,187.44",MODERATE RISK,$0.00
333,Dablist,E-Commerce,14/05/2024,Multi-Year,"$7,789.82",At-Risk,08/06/2026,14,NA-WEST,NA,WEST,28,"$218,114.96",CRITICAL RISK,"$93,477.84"
334,Tagpad,Logistics,20/09/2024,Annual,"$11,605.60",Active,11/05/2026,16,NA-EAST,NA,EAST,24,"$278,534.40",HEALTHY,$0.00
335,Gigaclub,E-Commerce,16/10/2024,Monthly,"$3,841.58",Active,01/01/2026,18,NA-EAST,NA,EAST,23,"$88,356.34",HEALTHY,$0.00
336,Realcube,Logistics,11/06/2024,Annual,"$9,888.15",Churned,27/07/2025,13,EU-CENTRAL,EU,CENTRAL,13,"$128,545.95",HEALTHY,$0.00
337,Ainyx,Fintech,15/04/2024,Monthly,"$11,219.65",Active,16/01/2026,15,NA-WEST,NA,WEST,29,"$325,369.85",HEALTHY,$0.00
338,Divape,Healthcare,01/06/2024,Multi-Year,"$9,236.41",Churned,11/12/2025,1,NA-WEST,NA,WEST,18,"$166,255.38",HEALTHY,$0.00
339,Zooveo,Logistics,31/10/2024,Annual,"$4,553.53",Churned,29/09/2025,10,NA-WEST,NA,WEST,11,"$50,088.83",MODERATE RISK,$0.00
340,Edgeclub,Enterprise Tech,19/06/2025,Annual,"$2,660.21",Churned,24/01/2026,5,MEA-EGY,MEA,EGY,7,"$18,621.47",MODERATE RISK,$0.00
341,Kanoodle,Logistics,28/03/2024,Monthly,"$13,748.35",Active,,14,APAC-SGP,APAC,SGP,30,"$412,450.50",HEALTHY,$0.00
342,Feednation,Logistics,08/03/2024,Annual,"$10,704.86",Pending Renewal,08/08/2025,3,EU-CENTRAL,EU,CENTRAL,30,"$321,145.80",MODERATE RISK,$0.00
343,Midel,Fintech,28/07/2024,Monthly,"$8,002.93",Pending Renewal,09/08/2025,18,EU-CENTRAL,EU,CENTRAL,26,"$208,076.18",MODERATE RISK,$0.00
344,Tagchat,E-Commerce,14/02/2024,Annual,"$6,476.52",Churned,14/06/2026,5,MEA-EGY,MEA,EGY,28,"$181,342.56",MODERATE RISK,$0.00
345,Shufflebeat,Fintech,27/04/2025,Annual,"$8,860.05",Pending Renewal,02/07/2026,3,APAC-SGP,APAC,SGP,17,"$150,620.85",MODERATE RISK,$0.00
346,Ozu,Enterprise Tech,25/12/2024,Monthly,"$5,760.85",Active,12/08/2026,5,MEA-EGY,MEA,EGY,21,"$120,977.85",MODERATE RISK,$0.00
347,Blogtag,Fintech,26/07/2024,Monthly,"$3,455.66",At-Risk,19/07/2026,15,NA-EAST,NA,EAST,26,"$89,847.16",CRITICAL RISK,"$41,467.92"
348,Edgeclub,Logistics,22/07/2024,Annual,"$7,633.50",Active,,3,EU-CENTRAL,EU,CENTRAL,26,"$198,471.00",HEALTHY,$0.00
349,Meemm,Healthcare,09/03/2025,Multi-Year,"$4,687.66",Active,13/12/2025,15,NA-WEST,NA,WEST,18,"$84,377.88",HEALTHY,$0.00
350,Mydeo,Enterprise Tech,07/03/2025,Monthly,"$8,373.37",Churned,25/08/2025,0,EU-CENTRAL,EU,CENTRAL,5,"$41,866.85",HEALTHY,$0.00
351,Jaxbean,Healthcare,06/08/2024,Annual,"$1,419.95",At-Risk,07/07/2026,13,EU-CENTRAL,EU,CENTRAL,25,"$35,498.75",CRITICAL RISK,"$17,039.40"
352,Feedmix,Enterprise Tech,14/03/2024,Multi-Year,"$10,562.54",Churned,,13,NA-EAST,NA,EAST,30,"$316,876.20",HEALTHY,$0.00
353,Thoughtblab,Enterprise Tech,05/03/2025,Annual,"$1,755.09",Pending Renewal,23/03/2026,6,NA-WEST,NA,WEST,18,"$31,591.62",MODERATE RISK,$0.00
354,Tagcat,Healthcare,02/11/2024,Multi-Year,"$14,815.27",At-Risk,23/06/2026,1,NA-EAST,NA,EAST,22,"$325,935.94",HEALTHY,$0.00
355,Devpoint,Logistics,16/08/2024,Annual,"$2,807.99",At-Risk,20/09/2025,11,APAC-SGP,APAC,SGP,25,"$70,199.75",CRITICAL RISK,"$33,695.88"
356,Jaxnation,Fintech,09/01/2025,Multi-Year,"$13,661.29",At-Risk,15/06/2026,5,EU-CENTRAL,EU,CENTRAL,20,"$273,225.80",MODERATE RISK,$0.00
357,Mita,Fintech,06/12/2024,Monthly,"$8,682.92",At-Risk,16/04/2026,6,NA-EAST,NA,EAST,21,"$182,341.32",MODERATE RISK,$0.00
358,Wikibox,Logistics,20/11/2024,Multi-Year,"$11,555.58",Churned,04/01/2026,18,NA-WEST,NA,WEST,14,"$161,778.12",HEALTHY,$0.00
359,Rhybox,Logistics,29/02/2024,Annual,"$6,887.26",Churned,28/06/2026,10,NA-EAST,NA,EAST,28,"$192,843.28",MODERATE RISK,$0.00
360,Realcube,E-Commerce,25/02/2024,Multi-Year,"$9,769.35",At-Risk,10/11/2025,9,MEA-EGY,MEA,EGY,31,"$302,849.85",MODERATE RISK,$0.00
361,Dabjam,Fintech,06/05/2024,Multi-Year,"$11,536.85",Pending Renewal,14/11/2025,18,EU-CENTRAL,EU,CENTRAL,28,"$323,031.80",MODERATE RISK,$0.00
362,Eidel,Healthcare,05/04/2025,Multi-Year,"$8,551.69",Churned,06/09/2025,11,EU-CENTRAL,EU,CENTRAL,5,"$42,758.45",HEALTHY,$0.00
363,Demizz,E-Commerce,14/04/2024,Multi-Year,"$14,895.18",Active,25/08/2025,7,EU-CENTRAL,EU,CENTRAL,29,"$431,960.22",MODERATE RISK,$0.00
364,Gabtype,Logistics,09/02/2025,Multi-Year,"$13,205.53",Churned,,16,NA-EAST,NA,EAST,19,"$250,905.07",HEALTHY,$0.00
365,Livetube,E-Commerce,03/06/2025,Multi-Year,"$7,755.62",Churned,,9,NA-WEST,NA,WEST,15,"$116,334.30",MODERATE RISK,$0.00
366,Skiba,Logistics,10/10/2024,Annual,"$4,320.85",Active,,1,EU-CENTRAL,EU,CENTRAL,23,"$99,379.55",HEALTHY,$0.00
367,Quatz,Enterprise Tech,27/08/2024,Monthly,"$3,727.14",Pending Renewal,23/07/2026,6,NA-WEST,NA,WEST,25,"$93,178.50",MODERATE RISK,$0.00
368,Lajo,Healthcare,28/07/2024,Annual,"$11,468.46",At-Risk,,12,NA-WEST,NA,WEST,26,"$298,179.96",CRITICAL RISK,"$137,621.52"
369,Wordpedia,Healthcare,24/08/2024,Monthly,"$5,041.55",At-Risk,11/02/2026,9,EU-CENTRAL,EU,CENTRAL,25,"$126,038.75",MODERATE RISK,$0.00
370,Babbleopia,Healthcare,16/10/2024,Annual,"$3,472.91",Pending Renewal,17/05/2026,17,NA-EAST,NA,EAST,23,"$79,876.93",MODERATE RISK,$0.00
371,Browsebug,Fintech,08/04/2024,Annual,"$7,918.69",Active,26/08/2026,17,EU-CENTRAL,EU,CENTRAL,29,"$229,642.01",HEALTHY,$0.00
372,Katz,Enterprise Tech,30/04/2025,Monthly,"$3,487.01",At-Risk,18/07/2025,3,NA-WEST,NA,WEST,17,"$59,279.17",HEALTHY,$0.00
373,Eadel,Fintech,20/02/2025,Multi-Year,"$4,936.46",Pending Renewal,11/11/2025,2,APAC-SGP,APAC,SGP,19,"$93,792.74",MODERATE RISK,$0.00
374,Livetube,Enterprise Tech,26/04/2025,Monthly,"$5,881.30",At-Risk,07/06/2026,8,EU-CENTRAL,EU,CENTRAL,17,"$99,982.10",MODERATE RISK,$0.00
375,Leenti,Enterprise Tech,07/06/2024,Monthly,"$13,417.69",Pending Renewal,23/08/2025,8,APAC-SGP,APAC,SGP,27,"$362,277.63",MODERATE RISK,$0.00
376,Blogtag,Healthcare,18/03/2025,Annual,"$12,713.44",Churned,26/08/2025,16,APAC-SGP,APAC,SGP,5,"$63,567.20",HEALTHY,$0.00
377,Lajo,Enterprise Tech,22/11/2024,Monthly,"$11,827.02",Churned,,13,APAC-SGP,APAC,SGP,22,"$260,194.44",HEALTHY,$0.00
378,Wordtune,Healthcare,06/10/2024,Multi-Year,"$10,609.36",At-Risk,11/09/2025,9,NA-EAST,NA,EAST,23,"$244,015.28",MODERATE RISK,$0.00
379,Voolith,Healthcare,09/07/2024,Multi-Year,"$8,383.48",Pending Renewal,27/07/2025,1,MEA-EGY,MEA,EGY,26,"$217,970.48",MODERATE RISK,$0.00
380,Gigaclub,Fintech,07/10/2024,Monthly,"$7,915.54",Churned,,3,MEA-EGY,MEA,EGY,23,"$182,057.42",HEALTHY,$0.00
381,Jaxworks,Enterprise Tech,12/03/2024,Multi-Year,"$6,511.61",Churned,07/07/2025,9,EU-CENTRAL,EU,CENTRAL,16,"$104,185.76",MODERATE RISK,$0.00
382,Oyoyo,Healthcare,09/08/2024,Monthly,"$7,648.17",Churned,08/08/2026,7,MEA-EGY,MEA,EGY,24,"$183,556.08",MODERATE RISK,$0.00
383,Oyoba,Enterprise Tech,14/04/2025,Monthly,"$4,504.23",At-Risk,23/11/2025,4,MEA-EGY,MEA,EGY,17,"$76,571.91",HEALTHY,$0.00
384,Bubbletube,Enterprise Tech,22/10/2024,Monthly,"$12,788.92",At-Risk,12/10/2025,5,EU-CENTRAL,EU,CENTRAL,23,"$294,145.16",MODERATE RISK,$0.00
385,Buzzdog,Fintech,01/02/2025,Monthly,"$6,359.61",Active,,7,NA-EAST,NA,EAST,19,"$120,832.59",MODERATE RISK,$0.00
386,Fadeo,Fintech,10/04/2024,Annual,$827.23,Active,,6,APAC-SGP,APAC,SGP,29,"$23,989.67",MODERATE RISK,$0.00
387,Oozz,E-Commerce,29/03/2025,Monthly,"$4,202.83",Pending Renewal,29/08/2026,1,NA-EAST,NA,EAST,18,"$75,650.94",MODERATE RISK,$0.00
388,Wikivu,Enterprise Tech,02/04/2025,Monthly,"$13,618.19",Pending Renewal,,12,MEA-EGY,MEA,EGY,17,"$231,509.23",MODERATE RISK,$0.00
389,Abata,Fintech,28/07/2024,Monthly,"$9,467.67",Pending Renewal,31/05/2026,14,NA-EAST,NA,EAST,26,"$246,159.42",MODERATE RISK,$0.00
390,Mita,Enterprise Tech,06/02/2024,Annual,"$11,876.00",Churned,27/09/2025,14,MEA-EGY,MEA,EGY,19,"$225,644.00",HEALTHY,$0.00
391,Yadel,Fintech,02/06/2025,Monthly,"$14,651.02",Churned,17/07/2026,5,MEA-EGY,MEA,EGY,13,"$190,463.26",MODERATE RISK,$0.00
392,Yakijo,Enterprise Tech,24/01/2024,Multi-Year,"$3,438.02",Churned,31/03/2026,10,MEA-EGY,MEA,EGY,26,"$89,388.52",MODERATE RISK,$0.00
393,Skynoodle,Enterprise Tech,26/08/2024,Monthly,"$5,750.16",Pending Renewal,10/12/2025,6,MEA-EGY,MEA,EGY,25,"$143,754.00",MODERATE RISK,$0.00
394,Meevee,Healthcare,05/08/2024,Annual,"$8,876.97",Pending Renewal,25/03/2026,8,EU-CENTRAL,EU,CENTRAL,25,"$221,924.25",MODERATE RISK,$0.00
395,Bubblebox,Enterprise Tech,15/04/2024,Multi-Year,"$6,525.93",Pending Renewal,12/02/2026,4,MEA-EGY,MEA,EGY,29,"$189,251.97",MODERATE RISK,$0.00
396,Voomm,E-Commerce,13/02/2025,Monthly,"$11,830.42",Active,11/09/2025,2,NA-WEST,NA,WEST,19,"$224,777.98",HEALTHY,$0.00
397,Fivebridge,Fintech,05/05/2025,Multi-Year,$512.66,At-Risk,20/09/2025,17,NA-WEST,NA,WEST,16,"$8,202.56",CRITICAL RISK,"$6,151.92"
398,Layo,Logistics,03/01/2025,Multi-Year,"$5,247.85",At-Risk,10/10/2025,2,MEA-EGY,MEA,EGY,20,"$104,957.00",HEALTHY,$0.00
399,Flashset,Fintech,14/12/2024,Multi-Year,"$2,309.73",At-Risk,,12,APAC-SGP,APAC,SGP,21,"$48,504.33",CRITICAL RISK,"$27,716.76"
400,Lazz,Enterprise Tech,24/06/2024,Multi-Year,"$3,959.03",At-Risk,22/08/2025,0,NA-WEST,NA,WEST,27,"$106,893.81",HEALTHY,$0.00
401,Realbridge,Healthcare,02/02/2024,Multi-Year,"$13,055.15",Pending Renewal,05/07/2025,6,MEA-EGY,MEA,EGY,31,"$404,709.65",MODERATE RISK,$0.00
402,Gigashots,Healthcare,22/10/2024,Multi-Year,"$2,261.14",Churned,11/04/2026,10,EU-CENTRAL,EU,CENTRAL,18,"$40,700.52",MODERATE RISK,$0.00
403,Aivee,Enterprise Tech,16/10/2024,Multi-Year,"$8,380.42",Churned,07/06/2026,10,MEA-EGY,MEA,EGY,20,"$167,608.40",MODERATE RISK,$0.00
404,Thoughtmix,Healthcare,01/04/2025,Multi-Year,"$6,835.54",Active,,16,NA-EAST,NA,EAST,17,"$116,204.18",HEALTHY,$0.00
405,Browsebug,Healthcare,15/10/2024,Monthly,"$3,262.19",Pending Renewal,01/07/2025,18,APAC-SGP,APAC,SGP,23,"$75,030.37",MODERATE RISK,$0.00
406,Aibox,Logistics,12/09/2024,Annual,"$14,601.56",Churned,05/11/2025,2,NA-EAST,NA,EAST,14,"$204,421.84",HEALTHY,$0.00
407,Demimbu,Logistics,19/05/2024,Multi-Year,$607.72,Pending Renewal,02/03/2026,8,NA-WEST,NA,WEST,28,"$17,016.16",MODERATE RISK,$0.00
408,Centimia,E-Commerce,10/02/2025,Multi-Year,"$4,831.65",Churned,03/11/2025,3,NA-WEST,NA,WEST,9,"$43,484.85",HEALTHY,$0.00
409,Mymm,Fintech,22/03/2024,Monthly,"$6,912.68",At-Risk,07/04/2026,10,EU-CENTRAL,EU,CENTRAL,30,"$207,380.40",MODERATE RISK,$0.00
410,Babbleset,E-Commerce,11/12/2024,Annual,$966.97,Pending Renewal,05/04/2026,5,EU-CENTRAL,EU,CENTRAL,21,"$20,306.37",MODERATE RISK,$0.00
411,Eayo,E-Commerce,17/10/2024,Multi-Year,"$13,801.14",At-Risk,,5,EU-CENTRAL,EU,CENTRAL,23,"$317,426.22",MODERATE RISK,$0.00
412,Realbridge,E-Commerce,18/06/2024,Multi-Year,"$8,649.82",Active,16/05/2026,0,NA-EAST,NA,EAST,27,"$233,545.14",HEALTHY,$0.00
413,Skinix,Healthcare,22/02/2025,Annual,"$2,293.83",Churned,01/07/2025,8,EU-CENTRAL,EU,CENTRAL,5,"$11,469.15",MODERATE RISK,$0.00
414,Jaloo,Logistics,01/08/2024,Annual,"$10,173.87",At-Risk,20/01/2026,17,EU-CENTRAL,EU,CENTRAL,25,"$254,346.75",CRITICAL RISK,"$122,086.44"
415,Wikizz,E-Commerce,30/04/2024,Annual,"$10,133.02",Active,18/10/2025,5,EU-CENTRAL,EU,CENTRAL,29,"$293,857.58",MODERATE RISK,$0.00
416,Dynava,Enterprise Tech,05/10/2024,Monthly,"$5,025.06",Pending Renewal,01/08/2026,16,NA-EAST,NA,EAST,23,"$115,576.38",MODERATE RISK,$0.00
417,Eidel,E-Commerce,16/09/2024,Multi-Year,"$9,640.32",At-Risk,,10,MEA-EGY,MEA,EGY,24,"$231,367.68",MODERATE RISK,$0.00
418,Tavu,Enterprise Tech,08/07/2024,Annual,"$2,357.06",At-Risk,09/01/2026,6,APAC-SGP,APAC,SGP,26,"$61,283.56",MODERATE RISK,$0.00
419,Zazio,E-Commerce,24/02/2024,Annual,"$4,627.34",Active,11/08/2026,10,EU-CENTRAL,EU,CENTRAL,31,"$143,447.54",MODERATE RISK,$0.00
420,Npath,Healthcare,18/11/2024,Multi-Year,"$3,886.56",Active,17/06/2026,12,NA-WEST,NA,WEST,22,"$85,504.32",HEALTHY,$0.00
421,Pixonyx,Enterprise Tech,14/11/2024,Multi-Year,"$12,823.61",Pending Renewal,16/01/2026,18,EU-CENTRAL,EU,CENTRAL,22,"$282,119.42",MODERATE RISK,$0.00
422,Gabspot,Logistics,20/10/2024,Annual,"$6,207.03",At-Risk,,12,NA-EAST,NA,EAST,23,"$142,761.69",CRITICAL RISK,"$74,484.36"
423,Quatz,Fintech,19/12/2024,Annual,"$8,644.35",At-Risk,31/07/2025,15,NA-WEST,NA,WEST,21,"$181,531.35",CRITICAL RISK,"$103,732.20"
424,Devcast,Logistics,28/03/2024,Monthly,"$8,298.31",At-Risk,01/09/2025,2,MEA-EGY,MEA,EGY,30,"$248,949.30",HEALTHY,$0.00
425,Twinder,Enterprise Tech,20/05/2025,Monthly,"$10,614.31",Pending Renewal,07/06/2026,12,EU-CENTRAL,EU,CENTRAL,16,"$169,828.96",MODERATE RISK,$0.00
426,Skiptube,Fintech,16/11/2024,Multi-Year,"$4,063.89",Pending Renewal,13/03/2026,3,EU-CENTRAL,EU,CENTRAL,22,"$89,405.58",MODERATE RISK,$0.00
427,Jetwire,Logistics,06/06/2025,Monthly,"$1,537.47",Pending Renewal,09/07/2026,10,APAC-SGP,APAC,SGP,15,"$23,062.05",MODERATE RISK,$0.00
428,Chatterbridge,Healthcare,22/04/2025,Multi-Year,"$9,987.77",Churned,15/04/2026,0,EU-CENTRAL,EU,CENTRAL,12,"$119,853.24",HEALTHY,$0.00
429,Jabberbean,E-Commerce,11/10/2024,Monthly,"$14,763.79",At-Risk,21/06/2026,13,MEA-EGY,MEA,EGY,23,"$339,567.17",CRITICAL RISK,"$177,165.48"
430,Gabtune,Enterprise Tech,03/06/2024,Monthly,"$7,930.30",Active,21/09/2025,0,NA-WEST,NA,WEST,27,"$214,118.10",HEALTHY,$0.00
431,Edgeblab,Healthcare,12/10/2024,Multi-Year,"$8,326.49",At-Risk,,17,MEA-EGY,MEA,EGY,23,"$191,509.27",CRITICAL RISK,"$99,917.88"
432,Skilith,Healthcare,14/08/2024,Monthly,"$10,003.21",Active,07/09/2025,12,EU-CENTRAL,EU,CENTRAL,25,"$250,080.25",HEALTHY,$0.00
433,Skaboo,E-Commerce,29/01/2025,Annual,"$2,765.35",Active,,3,APAC-SGP,APAC,SGP,20,"$55,307.00",HEALTHY,$0.00
434,Jazzy,E-Commerce,06/05/2025,Annual,"$8,382.82",Churned,02/04/2026,11,NA-WEST,NA,WEST,11,"$92,211.02",HEALTHY,$0.00
435,Wordpedia,Fintech,18/06/2024,Monthly,"$8,557.71",At-Risk,22/01/2026,5,APAC-SGP,APAC,SGP,27,"$231,058.17",MODERATE RISK,$0.00
436,Rhycero,Fintech,13/08/2024,Monthly,"$10,113.66",Churned,,7,MEA-EGY,MEA,EGY,25,"$252,841.50",MODERATE RISK,$0.00
437,Chatterbridge,Healthcare,24/10/2024,Multi-Year,"$1,609.29",Active,24/03/2026,16,EU-CENTRAL,EU,CENTRAL,23,"$37,013.67",HEALTHY,$0.00
438,Gigaclub,E-Commerce,30/05/2025,Monthly,"$4,242.16",Churned,16/06/2026,3,NA-WEST,NA,WEST,13,"$55,148.08",HEALTHY,$0.00
439,Roodel,E-Commerce,30/01/2025,Multi-Year,"$8,623.72",At-Risk,18/01/2026,8,NA-EAST,NA,EAST,20,"$172,474.40",MODERATE RISK,$0.00
440,Livetube,Fintech,06/08/2024,Annual,"$12,446.63",Active,04/03/2026,15,MEA-EGY,MEA,EGY,25,"$311,165.75",HEALTHY,$0.00
441,Rhynoodle,Healthcare,16/05/2024,Multi-Year,"$6,082.05",At-Risk,26/07/2026,14,NA-WEST,NA,WEST,28,"$170,297.40",CRITICAL RISK,"$72,984.60"
442,Rhyzio,Healthcare,18/05/2025,Annual,"$5,867.03",Churned,29/11/2025,9,NA-WEST,NA,WEST,6,"$35,202.18",MODERATE RISK,$0.00
443,Jabbercube,Enterprise Tech,10/07/2024,Annual,"$1,030.46",Active,27/05/2026,2,APAC-SGP,APAC,SGP,26,"$26,791.96",HEALTHY,$0.00
444,Kazio,Healthcare,12/09/2024,Multi-Year,"$1,124.11",At-Risk,,14,MEA-EGY,MEA,EGY,24,"$26,978.64",CRITICAL RISK,"$13,489.32"
445,Twiyo,E-Commerce,08/06/2024,Multi-Year,"$5,710.22",At-Risk,20/07/2026,11,EU-CENTRAL,EU,CENTRAL,27,"$154,175.94",CRITICAL RISK,"$68,522.64"
446,Brainsphere,Enterprise Tech,01/05/2024,Annual,$970.19,Churned,,1,NA-EAST,NA,EAST,28,"$27,165.32",HEALTHY,$0.00
447,Rhynyx,Logistics,19/07/2024,Annual,"$5,161.73",Churned,19/08/2026,18,MEA-EGY,MEA,EGY,25,"$129,043.25",HEALTHY,$0.00
448,Quinu,Enterprise Tech,20/04/2025,Annual,"$1,414.43",At-Risk,07/12/2025,15,MEA-EGY,MEA,EGY,17,"$24,045.31",CRITICAL RISK,"$16,973.16"
449,Jaloo,E-Commerce,02/03/2025,Monthly,"$8,713.96",At-Risk,05/12/2025,12,MEA-EGY,MEA,EGY,18,"$156,851.28",CRITICAL RISK,"$104,567.52"
450,Flashpoint,Logistics,06/05/2024,Annual,"$4,609.86",Pending Renewal,09/08/2026,10,NA-EAST,NA,EAST,28,"$129,076.08",MODERATE RISK,$0.00
451,Gigabox,Fintech,07/10/2024,Annual,"$4,774.55",Churned,06/11/2025,3,APAC-SGP,APAC,SGP,13,"$62,069.15",HEALTHY,$0.00
452,Twinte,Enterprise Tech,04/11/2024,Multi-Year,"$11,027.50",At-Risk,21/02/2026,2,NA-WEST,NA,WEST,22,"$242,605.00",HEALTHY,$0.00
453,Quatz,Healthcare,02/03/2024,Multi-Year,"$4,789.94",Active,09/08/2025,13,EU-CENTRAL,EU,CENTRAL,30,"$143,698.20",HEALTHY,$0.00
454,Yoveo,Enterprise Tech,29/06/2024,Monthly,"$10,641.78",Active,24/12/2025,13,NA-WEST,NA,WEST,27,"$287,328.06",HEALTHY,$0.00
455,Photobug,Healthcare,27/02/2025,Annual,"$7,159.61",At-Risk,30/03/2026,3,APAC-SGP,APAC,SGP,19,"$136,032.59",HEALTHY,$0.00
456,Skivee,Healthcare,30/07/2024,Monthly,"$8,183.89",At-Risk,11/07/2025,3,APAC-SGP,APAC,SGP,26,"$212,781.14",HEALTHY,$0.00
457,Tanoodle,E-Commerce,14/02/2024,Annual,"$3,087.54",Churned,16/04/2026,8,APAC-SGP,APAC,SGP,26,"$80,276.04",MODERATE RISK,$0.00
458,Zazio,Logistics,12/07/2024,Monthly,"$3,182.96",Active,,1,NA-EAST,NA,EAST,26,"$82,756.96",HEALTHY,$0.00
459,Photojam,E-Commerce,08/02/2025,Monthly,"$12,708.44",Churned,21/07/2025,17,APAC-SGP,APAC,SGP,5,"$63,542.20",HEALTHY,$0.00
460,Rhynyx,Healthcare,06/05/2024,Monthly,"$8,142.52",At-Risk,,18,NA-WEST,NA,WEST,28,"$227,990.56",CRITICAL RISK,"$97,710.24"
461,Mydeo,Logistics,22/04/2025,Monthly,"$14,294.14",At-Risk,29/05/2026,4,EU-CENTRAL,EU,CENTRAL,17,"$243,000.38",HEALTHY,$0.00
462,Viva,Enterprise Tech,25/10/2024,Monthly,"$5,954.66",Active,23/12/2025,9,EU-CENTRAL,EU,CENTRAL,23,"$136,957.18",MODERATE RISK,$0.00
463,Skipfire,Enterprise Tech,24/02/2025,Monthly,$737.07,Active,14/09/2025,3,APAC-SGP,APAC,SGP,19,"$14,004.33",HEALTHY,$0.00
464,Photolist,Fintech,06/03/2024,Annual,"$2,447.24",Churned,03/08/2025,2,NA-WEST,NA,WEST,17,"$41,603.08",HEALTHY,$0.00
465,Thoughtblab,E-Commerce,23/01/2025,Monthly,"$3,506.39",Pending Renewal,16/01/2026,6,APAC-SGP,APAC,SGP,20,"$70,127.80",MODERATE RISK,$0.00
466,Roomm,Healthcare,11/07/2024,Annual,"$8,078.71",At-Risk,,2,MEA-EGY,MEA,EGY,26,"$210,046.46",HEALTHY,$0.00
467,Rhynyx,Enterprise Tech,30/01/2025,Monthly,"$4,475.79",Churned,03/08/2025,11,APAC-SGP,APAC,SGP,7,"$31,330.53",HEALTHY,$0.00
468,Zoomzone,Fintech,06/05/2024,Monthly,"$3,560.76",At-Risk,13/08/2026,2,NA-EAST,NA,EAST,28,"$99,701.28",HEALTHY,$0.00
469,Voonix,Enterprise Tech,04/08/2024,Monthly,"$8,323.24",Pending Renewal,27/02/2026,12,NA-WEST,NA,WEST,25,"$208,081.00",MODERATE RISK,$0.00
470,Flashset,Enterprise Tech,06/03/2025,Multi-Year,"$3,540.07",At-Risk,05/12/2025,16,APAC-SGP,APAC,SGP,18,"$63,721.26",CRITICAL RISK,"$42,480.84"
471,Chatterpoint,Healthcare,05/01/2024,Multi-Year,"$4,524.80",Churned,16/05/2026,17,NA-WEST,NA,WEST,28,"$126,694.40",HEALTHY,$0.00
472,Centidel,Fintech,14/03/2025,Multi-Year,"$13,875.44",At-Risk,02/10/2025,12,APAC-SGP,APAC,SGP,18,"$249,757.92",CRITICAL RISK,"$166,505.28"
473,Avaveo,Enterprise Tech,17/06/2024,Annual,"$7,896.90",Pending Renewal,01/11/2025,9,NA-EAST,NA,EAST,27,"$213,216.30",MODERATE RISK,$0.00
474,Wikivu,E-Commerce,07/03/2024,Multi-Year,"$4,958.65",Active,,6,EU-CENTRAL,EU,CENTRAL,30,"$148,759.50",MODERATE RISK,$0.00
475,Camimbo,Logistics,06/05/2025,Monthly,"$3,131.69",At-Risk,,4,APAC-SGP,APAC,SGP,16,"$50,107.04",HEALTHY,$0.00
476,Dynazzy,Enterprise Tech,28/01/2024,Annual,"$14,139.56",At-Risk,26/12/2025,8,EU-CENTRAL,EU,CENTRAL,32,"$452,465.92",MODERATE RISK,$0.00
477,Tekfly,E-Commerce,25/06/2025,Annual,"$11,049.58",Churned,01/06/2026,18,EU-CENTRAL,EU,CENTRAL,12,"$132,594.96",HEALTHY,$0.00
478,Janyx,Fintech,27/08/2024,Multi-Year,"$1,957.13",Active,24/07/2026,1,EU-CENTRAL,EU,CENTRAL,25,"$48,928.25",HEALTHY,$0.00
479,Quatz,Enterprise Tech,04/12/2024,Monthly,"$6,908.70",Churned,04/12/2025,1,MEA-EGY,MEA,EGY,12,"$82,904.40",HEALTHY,$0.00
480,Livepath,E-Commerce,15/07/2024,Annual,"$3,618.41",Active,11/02/2026,9,NA-WEST,NA,WEST,26,"$94,078.66",MODERATE RISK,$0.00
481,Thoughtsphere,E-Commerce,08/01/2024,Monthly,"$5,801.16",Active,02/10/2025,3,EU-CENTRAL,EU,CENTRAL,32,"$185,637.12",HEALTHY,$0.00
482,Podcat,Enterprise Tech,07/10/2024,Monthly,$721.84,Pending Renewal,07/10/2025,2,APAC-SGP,APAC,SGP,23,"$16,602.32",MODERATE RISK,$0.00
483,Voonte,Logistics,15/06/2024,Multi-Year,"$6,915.61",Pending Renewal,17/08/2026,14,APAC-SGP,APAC,SGP,27,"$186,721.47",MODERATE RISK,$0.00
484,Jabbercube,E-Commerce,27/12/2024,Multi-Year,"$1,435.19",Active,16/07/2026,2,MEA-EGY,MEA,EGY,21,"$30,138.99",HEALTHY,$0.00
485,Talane,Fintech,13/07/2024,Multi-Year,"$7,588.25",Pending Renewal,15/10/2025,11,MEA-EGY,MEA,EGY,26,"$197,294.50",MODERATE RISK,$0.00
486,Youopia,Logistics,21/01/2025,Monthly,"$11,040.42",Churned,14/07/2025,17,EU-CENTRAL,EU,CENTRAL,6,"$66,242.52",HEALTHY,$0.00
487,Dablist,Fintech,23/05/2025,Multi-Year,"$12,914.69",At-Risk,18/04/2026,15,APAC-SGP,APAC,SGP,16,"$206,635.04",CRITICAL RISK,"$154,976.28"
488,Flashdog,Enterprise Tech,21/06/2024,Monthly,"$1,272.54",At-Risk,06/10/2025,4,MEA-EGY,MEA,EGY,27,"$34,358.58",HEALTHY,$0.00
489,Kazu,Fintech,25/09/2024,Multi-Year,"$14,941.07",Pending Renewal,,3,MEA-EGY,MEA,EGY,24,"$358,585.68",MODERATE RISK,$0.00
490,Edgeblab,Fintech,07/10/2024,Multi-Year,"$10,155.84",Active,,4,NA-WEST,NA,WEST,23,"$233,584.32",HEALTHY,$0.00
491,Buzzster,Fintech,23/10/2024,Multi-Year,"$4,447.33",At-Risk,02/07/2025,6,EU-CENTRAL,EU,CENTRAL,23,"$102,288.59",MODERATE RISK,$0.00
492,Photospace,Enterprise Tech,22/05/2025,Monthly,"$5,947.56",Pending Renewal,05/11/2025,9,NA-WEST,NA,WEST,16,"$95,160.96",MODERATE RISK,$0.00
493,Rhyloo,Enterprise Tech,26/12/2024,Annual,"$7,636.86",Active,18/05/2026,2,NA-WEST,NA,WEST,21,"$160,374.06",HEALTHY,$0.00
494,Dynava,Enterprise Tech,17/02/2024,Annual,"$9,906.06",Active,,6,NA-EAST,NA,EAST,31,"$307,087.86",MODERATE RISK,$0.00
495,Jayo,E-Commerce,20/01/2025,Monthly,"$10,215.19",At-Risk,05/09/2025,17,NA-EAST,NA,EAST,20,"$204,303.80",CRITICAL RISK,"$122,582.28"
496,Vidoo,E-Commerce,31/03/2025,Monthly,"$5,056.79",Churned,15/01/2026,10,NA-EAST,NA,EAST,10,"$50,567.90",MODERATE RISK,$0.00
497,Shufflebeat,Enterprise Tech,14/10/2024,Multi-Year,"$13,410.79",Churned,,15,NA-EAST,NA,EAST,23,"$308,448.17",HEALTHY,$0.00
498,Realblab,E-Commerce,27/07/2024,Monthly,$918.73,Pending Renewal,,12,NA-WEST,NA,WEST,26,"$23,886.98",MODERATE RISK,$0.00
499,Tagtune,E-Commerce,24/02/2024,Monthly,"$7,408.36",Pending Renewal,07/04/2026,15,NA-EAST,NA,EAST,31,"$229,659.16",MODERATE RISK,$0.00
500,Jaxspan,Healthcare,05/04/2025,Annual,"$11,662.95",Pending Renewal,15/09/2025,15,NA-WEST,NA,WEST,17,"$198,270.15",MODERATE RISK,$0.00
501,Kanoodle,Logistics,01/01/2024,Multi-Year,"$7,029.35",At-Risk,02/07/2026,6,NA-WEST,NA,WEST,32,"$224,939.20",MODERATE RISK,$0.00
502,Thoughtsphere,Healthcare,08/08/2024,Monthly,"$6,129.95",Active,03/08/2026,9,NA-WEST,NA,WEST,25,"$153,248.75",MODERATE RISK,$0.00
503,Zoovu,E-Commerce,06/08/2024,Multi-Year,"$1,133.50",Active,20/05/2026,2,NA-WEST,NA,WEST,25,"$28,337.50",HEALTHY,$0.00
504,Oba,Fintech,01/05/2024,Monthly,"$7,941.58",Active,08/04/2026,6,NA-WEST,NA,WEST,28,"$222,364.24",MODERATE RISK,$0.00
505,Lajo,Healthcare,23/02/2025,Monthly,"$7,605.08",At-Risk,07/10/2025,18,APAC-SGP,APAC,SGP,19,"$144,496.52",CRITICAL RISK,"$91,260.96"
506,Avamba,Enterprise Tech,17/01/2025,Monthly,"$9,358.97",Churned,17/01/2026,3,APAC-SGP,APAC,SGP,12,"$112,307.64",HEALTHY,$0.00
507,Kaymbo,E-Commerce,18/09/2024,Annual,"$4,707.91",Pending Renewal,08/09/2025,3,NA-EAST,NA,EAST,24,"$112,989.84",MODERATE RISK,$0.00
508,Omba,Enterprise Tech,15/12/2024,Annual,"$1,583.82",Pending Renewal,08/08/2026,13,APAC-SGP,APAC,SGP,21,"$33,260.22",MODERATE RISK,$0.00
509,Voonix,Logistics,29/08/2024,Monthly,"$4,766.78",Active,24/10/2025,3,MEA-EGY,MEA,EGY,25,"$119,169.50",HEALTHY,$0.00
510,Mybuzz,Enterprise Tech,23/05/2025,Monthly,"$3,918.96",At-Risk,04/08/2026,8,APAC-SGP,APAC,SGP,16,"$62,703.36",MODERATE RISK,$0.00
511,Miboo,Enterprise Tech,15/04/2024,Multi-Year,"$7,429.84",Churned,17/07/2025,11,APAC-SGP,APAC,SGP,15,"$111,447.60",HEALTHY,$0.00
512,Kwimbee,Enterprise Tech,12/12/2024,Monthly,"$10,413.27",At-Risk,14/02/2026,12,APAC-SGP,APAC,SGP,21,"$218,678.67",CRITICAL RISK,"$124,959.24"
513,Wikibox,Enterprise Tech,13/01/2024,Multi-Year,"$10,071.51",Active,16/12/2025,12,MEA-EGY,MEA,EGY,32,"$322,288.32",HEALTHY,$0.00
514,Tagtune,Healthcare,21/06/2025,Multi-Year,"$5,257.59",Pending Renewal,03/08/2025,6,NA-WEST,NA,WEST,15,"$78,863.85",MODERATE RISK,$0.00
515,Jabbercube,Fintech,04/02/2024,Multi-Year,"$8,658.85",At-Risk,12/10/2025,8,APAC-SGP,APAC,SGP,31,"$268,424.35",MODERATE RISK,$0.00
516,Gabtype,Logistics,05/05/2025,Multi-Year,"$11,744.14",Pending Renewal,16/06/2026,16,MEA-EGY,MEA,EGY,16,"$187,906.24",MODERATE RISK,$0.00
517,Realmix,Healthcare,22/03/2025,Annual,"$1,720.52",Churned,29/04/2026,14,APAC-SGP,APAC,SGP,13,"$22,366.76",HEALTHY,$0.00
518,Yotz,Fintech,26/08/2024,Annual,"$8,532.76",Active,27/08/2025,3,MEA-EGY,MEA,EGY,25,"$213,319.00",HEALTHY,$0.00
519,Fiveclub,Logistics,05/06/2025,Multi-Year,"$8,618.79",Pending Renewal,24/05/2026,3,EU-CENTRAL,EU,CENTRAL,15,"$129,281.85",MODERATE RISK,$0.00
520,Thoughtblab,Fintech,13/07/2024,Monthly,"$3,196.65",Churned,20/12/2025,0,APAC-SGP,APAC,SGP,17,"$54,343.05",HEALTHY,$0.00
521,Gabspot,Logistics,07/02/2024,Monthly,"$1,222.13",Pending Renewal,01/04/2026,10,APAC-SGP,APAC,SGP,31,"$37,886.03",MODERATE RISK,$0.00
522,Jayo,Enterprise Tech,26/10/2024,Monthly,"$6,834.37",Pending Renewal,13/05/2026,18,MEA-EGY,MEA,EGY,23,"$157,190.51",MODERATE RISK,$0.00
523,Skyba,Logistics,19/11/2024,Monthly,"$11,552.18",Churned,25/05/2026,4,MEA-EGY,MEA,EGY,18,"$207,939.24",HEALTHY,$0.00
524,Thoughtmix,Healthcare,16/01/2025,Monthly,"$8,580.12",Active,31/03/2026,16,NA-EAST,NA,EAST,20,"$171,602.40",HEALTHY,$0.00
525,Photofeed,Enterprise Tech,15/05/2025,Multi-Year,"$9,187.28",At-Risk,12/07/2025,4,NA-EAST,NA,EAST,16,"$146,996.48",HEALTHY,$0.00
526,Geba,Fintech,31/07/2024,Multi-Year,"$6,568.59",At-Risk,03/02/2026,11,EU-CENTRAL,EU,CENTRAL,26,"$170,783.34",CRITICAL RISK,"$78,823.08"
527,Trudeo,Healthcare,14/02/2024,Annual,"$1,605.90",Active,01/08/2026,3,MEA-EGY,MEA,EGY,31,"$49,782.90",HEALTHY,$0.00
528,Gabvine,Healthcare,23/07/2024,Monthly,"$1,922.30",At-Risk,12/11/2025,16,APAC-SGP,APAC,SGP,26,"$49,979.80",CRITICAL RISK,"$23,067.60"
529,Kazio,E-Commerce,18/06/2024,Annual,"$14,955.52",Pending Renewal,17/05/2026,9,NA-EAST,NA,EAST,27,"$403,799.04",MODERATE RISK,$0.00
530,Brightbean,Enterprise Tech,03/01/2025,Monthly,$734.66,Pending Renewal,28/11/2025,7,EU-CENTRAL,EU,CENTRAL,20,"$14,693.20",MODERATE RISK,$0.00
531,Trilith,Healthcare,28/03/2024,Multi-Year,"$11,632.10",At-Risk,03/12/2025,18,APAC-SGP,APAC,SGP,30,"$348,963.00",CRITICAL RISK,"$139,585.20"
532,Feednation,Healthcare,16/02/2024,Annual,"$14,544.72",Pending Renewal,30/11/2025,10,EU-CENTRAL,EU,CENTRAL,31,"$450,886.32",MODERATE RISK,$0.00
533,Skippad,E-Commerce,13/06/2024,Monthly,"$7,924.62",Active,21/01/2026,12,MEA-EGY,MEA,EGY,27,"$213,964.74",HEALTHY,$0.00
534,Oyonder,E-Commerce,02/06/2024,Annual,"$14,972.82",Churned,04/05/2026,8,MEA-EGY,MEA,EGY,23,"$344,374.86",MODERATE RISK,$0.00
535,Browsebug,Healthcare,17/06/2025,Monthly,"$8,293.62",Active,19/10/2025,9,APAC-SGP,APAC,SGP,15,"$124,404.30",MODERATE RISK,$0.00
536,Muxo,Enterprise Tech,22/10/2024,Annual,"$11,466.77",Active,10/07/2025,12,EU-CENTRAL,EU,CENTRAL,23,"$263,735.71",HEALTHY,$0.00
537,Voonix,Enterprise Tech,07/05/2025,Monthly,"$7,381.14",Churned,,14,APAC-SGP,APAC,SGP,16,"$118,098.24",HEALTHY,$0.00
538,Dynava,Healthcare,16/11/2024,Multi-Year,"$11,817.98",Pending Renewal,25/10/2025,14,APAC-SGP,APAC,SGP,22,"$259,995.56",MODERATE RISK,$0.00
539,Yozio,Logistics,30/04/2024,Multi-Year,$756.38,Churned,15/10/2025,3,MEA-EGY,MEA,EGY,18,"$13,614.84",HEALTHY,$0.00
540,Latz,Logistics,06/10/2024,Annual,"$1,046.70",At-Risk,23/07/2025,1,APAC-SGP,APAC,SGP,23,"$24,074.10",HEALTHY,$0.00
541,Yoveo,Fintech,05/04/2024,Annual,"$5,720.24",Pending Renewal,22/06/2026,11,APAC-SGP,APAC,SGP,29,"$165,886.96",MODERATE RISK,$0.00
542,Zoovu,Enterprise Tech,10/10/2024,Monthly,"$12,787.12",Pending Renewal,09/07/2025,2,NA-WEST,NA,WEST,23,"$294,103.76",MODERATE RISK,$0.00
543,Thoughtsphere,Fintech,31/08/2024,Monthly,"$1,577.00",Pending Renewal,28/02/2026,7,NA-WEST,NA,WEST,25,"$39,425.00",MODERATE RISK,$0.00
544,Photolist,Healthcare,27/05/2024,Monthly,"$12,804.19",At-Risk,13/07/2026,16,APAC-SGP,APAC,SGP,28,"$358,517.32",CRITICAL RISK,"$153,650.28"
545,Ailane,E-Commerce,14/01/2025,Annual,"$8,246.14",Churned,,9,MEA-EGY,MEA,EGY,20,"$164,922.80",MODERATE RISK,$0.00
546,Fadeo,Fintech,26/04/2025,Monthly,"$11,230.28",Active,28/04/2026,3,NA-WEST,NA,WEST,17,"$190,914.76",HEALTHY,$0.00
547,Kamba,Healthcare,24/01/2025,Annual,"$3,346.24",At-Risk,04/07/2026,18,EU-CENTRAL,EU,CENTRAL,20,"$66,924.80",CRITICAL RISK,"$40,154.88"
548,Camimbo,Enterprise Tech,23/11/2024,Multi-Year,"$2,479.10",At-Risk,08/10/2025,9,EU-CENTRAL,EU,CENTRAL,22,"$54,540.20",MODERATE RISK,$0.00
549,Aivee,Logistics,09/06/2024,Annual,"$12,146.61",At-Risk,30/12/2025,12,NA-WEST,NA,WEST,27,"$327,958.47",CRITICAL RISK,"$145,759.32"
550,Talane,E-Commerce,02/01/2024,Annual,"$10,222.98",Churned,13/06/2026,15,EU-CENTRAL,EU,CENTRAL,29,"$296,466.42",HEALTHY,$0.00
551,Youspan,Logistics,15/01/2024,Multi-Year,"$2,850.66",Pending Renewal,24/01/2026,10,APAC-SGP,APAC,SGP,32,"$91,221.12",MODERATE RISK,$0.00
552,Photobug,E-Commerce,03/11/2024,Multi-Year,"$11,454.96",Active,19/08/2025,14,NA-WEST,NA,WEST,22,"$252,009.12",HEALTHY,$0.00
553,Topicstorm,Healthcare,23/08/2024,Multi-Year,"$10,224.60",Pending Renewal,,15,EU-CENTRAL,EU,CENTRAL,25,"$255,615.00",MODERATE RISK,$0.00
554,Miboo,Healthcare,01/01/2024,Annual,"$14,700.55",At-Risk,10/04/2026,18,EU-CENTRAL,EU,CENTRAL,32,"$470,417.60",CRITICAL RISK,"$176,406.60"
555,Quinu,E-Commerce,18/03/2024,Annual,"$2,251.41",Churned,21/09/2025,9,MEA-EGY,MEA,EGY,18,"$40,525.38",MODERATE RISK,$0.00
556,Kare,Healthcare,10/08/2024,Annual,"$4,569.81",Pending Renewal,,3,MEA-EGY,MEA,EGY,25,"$114,245.25",MODERATE RISK,$0.00
557,Latz,Enterprise Tech,28/03/2024,Monthly,"$4,197.23",Churned,01/12/2025,5,APAC-SGP,APAC,SGP,21,"$88,141.83",MODERATE RISK,$0.00
558,Jabberstorm,Healthcare,25/02/2024,Monthly,"$10,824.17",Active,,13,NA-WEST,NA,WEST,31,"$335,549.27",HEALTHY,$0.00
559,Livetube,Healthcare,16/04/2025,Monthly,"$6,755.69",At-Risk,23/05/2026,6,NA-WEST,NA,WEST,17,"$114,846.73",MODERATE RISK,$0.00
560,Wikibox,Healthcare,09/07/2024,Multi-Year,"$8,023.07",At-Risk,20/08/2026,8,NA-EAST,NA,EAST,26,"$208,599.82",MODERATE RISK,$0.00
561,Bubblebox,Healthcare,18/12/2024,Multi-Year,"$10,456.39",At-Risk,28/07/2026,9,MEA-EGY,MEA,EGY,21,"$219,584.19",MODERATE RISK,$0.00
562,Zoomlounge,E-Commerce,19/01/2025,Multi-Year,"$12,423.65",Pending Renewal,04/06/2026,3,NA-WEST,NA,WEST,20,"$248,473.00",MODERATE RISK,$0.00
563,Skipstorm,E-Commerce,18/05/2024,Annual,"$2,917.15",Churned,05/08/2025,2,NA-WEST,NA,WEST,15,"$43,757.25",HEALTHY,$0.00
564,Tazzy,Enterprise Tech,25/01/2024,Multi-Year,"$11,506.69",Churned,02/10/2025,2,NA-WEST,NA,WEST,21,"$241,640.49",HEALTHY,$0.00
565,Shufflebeat,Logistics,22/05/2025,Annual,"$5,774.38",Active,,11,NA-WEST,NA,WEST,16,"$92,390.08",HEALTHY,$0.00
566,Blogtag,Fintech,14/05/2025,Monthly,"$7,567.47",Pending Renewal,21/08/2025,7,APAC-SGP,APAC,SGP,16,"$121,079.52",MODERATE RISK,$0.00
567,Oozz,E-Commerce,12/02/2024,Monthly,"$12,752.49",Active,27/04/2026,16,NA-EAST,NA,EAST,31,"$395,327.19",HEALTHY,$0.00
568,Skipstorm,Fintech,18/02/2024,Multi-Year,"$4,047.55",Pending Renewal,12/07/2026,14,APAC-SGP,APAC,SGP,31,"$125,474.05",MODERATE RISK,$0.00
569,Oyope,Logistics,09/02/2025,Monthly,"$8,439.96",Pending Renewal,,17,APAC-SGP,APAC,SGP,19,"$160,359.24",MODERATE RISK,$0.00
570,Edgeblab,E-Commerce,14/05/2024,Multi-Year,"$8,378.40",At-Risk,23/03/2026,7,APAC-SGP,APAC,SGP,28,"$234,595.20",MODERATE RISK,$0.00
571,Ntags,Fintech,19/08/2024,Monthly,"$1,540.19",At-Risk,04/01/2026,1,NA-WEST,NA,WEST,25,"$38,504.75",HEALTHY,$0.00
572,Meevee,Healthcare,28/04/2024,Multi-Year,"$8,332.17",Active,05/10/2025,11,NA-WEST,NA,WEST,29,"$241,632.93",HEALTHY,$0.00
573,Skaboo,E-Commerce,05/06/2025,Monthly,$785.61,Churned,,1,NA-WEST,NA,WEST,15,"$11,784.15",HEALTHY,$0.00
574,Quire,E-Commerce,29/02/2024,Monthly,"$4,968.87",Pending Renewal,20/11/2025,17,MEA-EGY,MEA,EGY,31,"$154,034.97",MODERATE RISK,$0.00
575,Jaxbean,E-Commerce,07/04/2024,Multi-Year,"$6,848.03",Active,,6,NA-WEST,NA,WEST,29,"$198,592.87",MODERATE RISK,$0.00
576,Blognation,E-Commerce,11/07/2024,Multi-Year,"$5,912.22",At-Risk,31/10/2025,6,APAC-SGP,APAC,SGP,26,"$153,717.72",MODERATE RISK,$0.00
577,Gabtype,Fintech,04/08/2024,Multi-Year,"$11,913.87",Churned,07/06/2026,0,NA-EAST,NA,EAST,22,"$262,105.14",HEALTHY,$0.00
578,Topicblab,Enterprise Tech,16/07/2024,Multi-Year,"$5,976.10",Pending Renewal,12/11/2025,16,APAC-SGP,APAC,SGP,26,"$155,378.60",MODERATE RISK,$0.00
579,Gabtune,Enterprise Tech,06/10/2024,Annual,"$2,982.63",Active,,5,MEA-EGY,MEA,EGY,23,"$68,600.49",MODERATE RISK,$0.00
580,Dablist,E-Commerce,25/07/2024,Annual,"$3,428.94",Active,12/03/2026,14,EU-CENTRAL,EU,CENTRAL,26,"$89,152.44",HEALTHY,$0.00
581,Zoomdog,Healthcare,15/09/2024,Annual,$618.04,Active,24/08/2026,10,MEA-EGY,MEA,EGY,24,"$14,832.96",MODERATE RISK,$0.00
582,Tagcat,Healthcare,01/07/2024,Multi-Year,"$7,717.71",At-Risk,06/07/2026,7,NA-EAST,NA,EAST,26,"$200,660.46",MODERATE RISK,$0.00
583,Yakitri,Logistics,21/03/2024,Monthly,"$2,781.13",At-Risk,,18,APAC-SGP,APAC,SGP,30,"$83,433.90",CRITICAL RISK,"$33,373.56"
584,Katz,Healthcare,12/03/2024,Monthly,"$12,754.48",At-Risk,01/11/2025,15,APAC-SGP,APAC,SGP,30,"$382,634.40",CRITICAL RISK,"$153,053.76"
585,Feednation,E-Commerce,27/11/2024,Monthly,"$10,453.91",Pending Renewal,26/05/2026,17,MEA-EGY,MEA,EGY,22,"$229,986.02",MODERATE RISK,$0.00
586,Minyx,Fintech,16/03/2024,Multi-Year,"$9,293.04",Churned,10/06/2026,14,NA-WEST,NA,WEST,27,"$250,912.08",HEALTHY,$0.00
587,Realmix,E-Commerce,06/08/2024,Monthly,"$1,029.84",Pending Renewal,,5,MEA-EGY,MEA,EGY,25,"$25,746.00",MODERATE RISK,$0.00
588,Riffpedia,E-Commerce,30/10/2024,Monthly,"$1,280.19",Active,18/08/2025,14,NA-WEST,NA,WEST,23,"$29,444.37",HEALTHY,$0.00
589,Centizu,Enterprise Tech,10/05/2024,Multi-Year,"$14,953.60",Pending Renewal,15/07/2025,12,NA-WEST,NA,WEST,28,"$418,700.80",MODERATE RISK,$0.00
590,Babbleopia,Healthcare,22/11/2024,Monthly,"$9,327.08",Churned,17/07/2026,17,APAC-SGP,APAC,SGP,20,"$186,541.60",HEALTHY,$0.00
591,Trilia,Logistics,25/04/2025,Annual,"$1,316.02",Churned,09/02/2026,16,NA-EAST,NA,EAST,10,"$13,160.20",HEALTHY,$0.00
592,Browsetype,E-Commerce,23/01/2024,Monthly,"$10,514.08",Churned,09/08/2026,2,APAC-SGP,APAC,SGP,31,"$325,936.48",HEALTHY,$0.00
593,Zoozzy,Healthcare,24/06/2024,Monthly,$886.19,At-Risk,09/03/2026,12,NA-EAST,NA,EAST,27,"$23,927.13",CRITICAL RISK,"$10,634.28"
594,Skajo,Healthcare,23/03/2024,Multi-Year,"$8,925.41",Active,23/02/2026,0,APAC-SGP,APAC,SGP,30,"$267,762.30",HEALTHY,$0.00
595,Quatz,Fintech,18/02/2025,Annual,"$3,655.24",Churned,,17,MEA-EGY,MEA,EGY,19,"$69,449.56",HEALTHY,$0.00
596,Flashspan,Healthcare,11/02/2024,Annual,"$10,171.12",At-Risk,01/03/2026,5,NA-WEST,NA,WEST,31,"$315,304.72",MODERATE RISK,$0.00
597,Quaxo,Fintech,27/06/2024,Multi-Year,"$4,055.04",Active,14/11/2025,17,APAC-SGP,APAC,SGP,27,"$109,486.08",HEALTHY,$0.00
598,Skipfire,Healthcare,12/06/2024,Multi-Year,"$4,669.92",At-Risk,30/01/2026,13,NA-WEST,NA,WEST,27,"$126,087.84",CRITICAL RISK,"$56,039.04"
599,Lazz,Fintech,15/12/2024,Monthly,"$14,314.93",Churned,06/09/2025,10,EU-CENTRAL,EU,CENTRAL,9,"$128,834.37",MODERATE RISK,$0.00
600,Riffpedia,Fintech,01/05/2024,Monthly,$952.18,Pending Renewal,,4,MEA-EGY,MEA,EGY,28,"$26,661.04",MODERATE RISK,$0.00
